"TimeUTC","timestampInMs","requestPath","requestMethod","requestQueryString","responseStatusCode","requestId","requestUserAgent","level","environment","branch","vercelCache","type","function","host","deploymentDomain","deploymentId","durationMs","region","maxMemoryUsed","memorySize","message","projectId","traceId","sessionId","invocationId","instanceId","concurrency"
"2025-11-10 14:04:04",1762783444626,"accounting.siamoon.com/api/reports/share","POST","",-1,"584r5-1762783444150-c640312d84fb","Mozilla/5.0 (Macintosh; Intel Mac OS X 10_15_7) AppleWebKit/537.36 (KHTML, like Gecko) Chrome/136.0.0.0 Safari/537.36","error","production","main","","lambda","/api/reports/share","accounting.siamoon.com","accounting.siamoon.com","dpl_BXrXBWQtWfS7jj9YNFPSwgiaiwED",-1,"iad1",-1,-1,"Share POST error: [Error: 5 NOT_FOUND: ] {
  code: 5,
  details: '',
  metadata: [Metadata],
  note: 'Exception occurred in retry method that was not classified as transient'
}","prj_63uBGkZZhjEmgHzohvBA1ZzjMGG3","","","01K9Q19FH4C20JKZH2JA1XE1RR","",-1
"2025-11-10 14:04:04",1762783444301,"accounting.siamoon.com/api/reports/share","POST","",500,"584r5-1762783444150-c640312d84fb","Mozilla/5.0 (Macintosh; Intel Mac OS X 10_15_7) AppleWebKit/537.36 (KHTML, like Gecko) Chrome/136.0.0.0 Safari/537.36","error","production","main","","lambda","/api/reports/share","accounting.siamoon.com","accounting.siamoon.com","dpl_BXrXBWQtWfS7jj9YNFPSwgiaiwED",101,"iad1",194,2048,"","prj_63uBGkZZhjEmgHzohvBA1ZzjMGG3","","","01K9Q19FH4C20JKZH2JA1XE1RR","MtPfm09oS7bo",1
"2025-11-10 14:03:44",1762783424476,"accounting.siamoon.com/api/inbox","GET","",200,"bqmzw-1762783424328-8a5e4a43225f","node","info","production","main","","lambda","/api/inbox","accounting.siamoon.com","accounting.siamoon.com","dpl_BXrXBWQtWfS7jj9YNFPSwgiaiwED",3946,"iad1",140,2048,"","prj_63uBGkZZhjEmgHzohvBA1ZzjMGG3","","","01K9Q18VSAV9YPBWJDWGGR4XWX","MtPfm09oS7bo",2
"2025-11-10 14:03:44",1762783424344,"accounting.siamoon.com/api/pnl/property-person","GET","period=month",200,"b82wq-1762783424328-e303a0478865","node","info","production","main","","lambda","/api/pnl/property-person","accounting.siamoon.com","accounting.siamoon.com","dpl_BXrXBWQtWfS7jj9YNFPSwgiaiwED",7626,"iad1",129,2048,"","prj_63uBGkZZhjEmgHzohvBA1ZzjMGG3","","","01K9Q18VTRQY2M4NAN351SF4Y7","SpCk8h1W4fVL",1
"2025-11-10 14:03:44",1762783424344,"accounting.siamoon.com/api/balance","GET","",200,"qtc6f-1762783424332-a9740a3678de","node","info","production","main","HIT","static","/api/balance","accounting.siamoon.com","accounting.siamoon.com","dpl_BXrXBWQtWfS7jj9YNFPSwgiaiwED",-1,"iad1",-1,-1,"","prj_63uBGkZZhjEmgHzohvBA1ZzjMGG3","","","","",-1
"2025-11-10 14:03:44",1762783424344,"accounting.siamoon.com/api/pnl","GET","",200,"md6bl-1762783424329-06d16c17ae6e","node","info","production","main","","lambda","/api/pnl","accounting.siamoon.com","accounting.siamoon.com","dpl_BXrXBWQtWfS7jj9YNFPSwgiaiwED",11,"iad1",129,2048,"","prj_63uBGkZZhjEmgHzohvBA1ZzjMGG3","","","01K9Q18VTRQY2M4NAN32HQP9FA","n2dY1vQavWbb",1
"2025-11-10 14:03:44",1762783424337,"accounting.siamoon.com/api/pnl/overhead-expenses","GET","period=month",200,"76xfj-1762783424325-54cae69dbff0","node","info","production","main","","lambda","/api/pnl/overhead-expenses","accounting.siamoon.com","accounting.siamoon.com","dpl_BXrXBWQtWfS7jj9YNFPSwgiaiwED",5,"iad1",140,2048,"","prj_63uBGkZZhjEmgHzohvBA1ZzjMGG3","","","01K9Q18VSAV9YPBWJDWGGR4XWX","MtPfm09oS7bo",2
"2025-11-10 14:03:44",1762783424298,"accounting.siamoon.com/api/reports/generate","POST","",200,"7kl9h-1762783424182-c6b2238c00e3","Mozilla/5.0 (Macintosh; Intel Mac OS X 10_15_7) AppleWebKit/537.36 (KHTML, like Gecko) Chrome/136.0.0.0 Safari/537.36","info","production","main","","lambda","/api/reports/generate","accounting.siamoon.com","accounting.siamoon.com","dpl_BXrXBWQtWfS7jj9YNFPSwgiaiwED",7681,"iad1",187,2048,"","prj_63uBGkZZhjEmgHzohvBA1ZzjMGG3","","","01K9Q18VSAV9YPBWJDWGGR4XWX","MtPfm09oS7bo",2
"2025-11-10 14:03:34",1762783414623,"accounting.siamoon.com/api/balance","GET","",200,"f2wbp-1762783414602-575dbec5b669","node","info","production","main","HIT","static","/api/balance","accounting.siamoon.com","accounting.siamoon.com","dpl_BXrXBWQtWfS7jj9YNFPSwgiaiwED",-1,"iad1",-1,-1,"","prj_63uBGkZZhjEmgHzohvBA1ZzjMGG3","","","","",-1
"2025-11-10 14:03:34",1762783414621,"accounting.siamoon.com/api/pnl/property-person","GET","period=month",200,"wk55v-1762783414603-b3c2b1004cf8","node","info","production","main","","lambda","/api/pnl/property-person","accounting.siamoon.com","accounting.siamoon.com","dpl_BXrXBWQtWfS7jj9YNFPSwgiaiwED",3561,"iad1",140,2048,"","prj_63uBGkZZhjEmgHzohvBA1ZzjMGG3","","","01K9Q18J92B55YGZVB2QNPT9HD","MtPfm09oS7bo",3
"2025-11-10 14:03:34",1762783414609,"accounting.siamoon.com/api/inbox","GET","",200,"kjrfv-1762783414600-35b697e58ccf","node","info","production","main","","lambda","/api/inbox","accounting.siamoon.com","accounting.siamoon.com","dpl_BXrXBWQtWfS7jj9YNFPSwgiaiwED",6506,"iad1",129,2048,"","prj_63uBGkZZhjEmgHzohvBA1ZzjMGG3","","","01K9Q18JAHNZ2ZJRY68285BCBC","n2dY1vQavWbb",1
"2025-11-10 14:03:34",1762783414608,"accounting.siamoon.com/api/pnl","GET","",200,"dwkhq-1762783414602-18eb30c4bdb2","node","info","production","main","","lambda","/api/pnl","accounting.siamoon.com","accounting.siamoon.com","dpl_BXrXBWQtWfS7jj9YNFPSwgiaiwED",3822,"iad1",129,2048,"","prj_63uBGkZZhjEmgHzohvBA1ZzjMGG3","","","01K9Q18JAGYK1ND7NXQH8SNVJM","SpCk8h1W4fVL",1
"2025-11-10 14:03:34",1762783414607,"accounting.siamoon.com/api/pnl/overhead-expenses","GET","period=month",200,"smbxb-1762783414596-816a305459dd","node","info","production","main","","lambda","/api/pnl/overhead-expenses","accounting.siamoon.com","accounting.siamoon.com","dpl_BXrXBWQtWfS7jj9YNFPSwgiaiwED",3967,"iad1",140,2048,"","prj_63uBGkZZhjEmgHzohvBA1ZzjMGG3","","","01K9Q18J92B55YGZVB2QNPT9HD","MtPfm09oS7bo",3
"2025-11-10 14:03:34",1762783414562,"accounting.siamoon.com/api/reports/generate","POST","",200,"7kl9h-1762783414442-71aac9476d1e","Mozilla/5.0 (Macintosh; Intel Mac OS X 10_15_7) AppleWebKit/537.36 (KHTML, like Gecko) Chrome/136.0.0.0 Safari/537.36","info","production","main","","lambda","/api/reports/generate","accounting.siamoon.com","accounting.siamoon.com","dpl_BXrXBWQtWfS7jj9YNFPSwgiaiwED",6552,"iad1",185,2048,"","prj_63uBGkZZhjEmgHzohvBA1ZzjMGG3","","","01K9Q18J92B55YGZVB2QNPT9HD","MtPfm09oS7bo",3
"2025-11-10 14:03:28",1762783408847,"accounting.siamoon.com/api/inbox","GET","",-1,"chbtl-1762783408652-6f753ce3ab5c","node","error","production","main","","lambda","/api/inbox","accounting.siamoon.com","accounting.siamoon.com","dpl_BXrXBWQtWfS7jj9YNFPSwgiaiwED",-1,"iad1",-1,-1,"Error details: <!DOCTYPE html><html lang=""en""><head><meta name=""description"" content=""Web word processing, presentations and spreadsheets""><meta name=""viewport"" content=""width=device-width, initial-scale=1.0, maximu","prj_63uBGkZZhjEmgHzohvBA1ZzjMGG3","","","01K9Q18CGSZB1F3STE3DG40CSH","",-1
"2025-11-10 14:03:28",1762783408829,"accounting.siamoon.com/api/inbox","GET","",-1,"chbtl-1762783408652-6f753ce3ab5c","node","error","production","main","","lambda","/api/inbox","accounting.siamoon.com","accounting.siamoon.com","dpl_BXrXBWQtWfS7jj9YNFPSwgiaiwED",-1,"iad1",-1,-1,"❌ Apps Script returned error: 429 unknown","prj_63uBGkZZhjEmgHzohvBA1ZzjMGG3","","","01K9Q18CGSZB1F3STE3DG40CSH","",-1
"2025-11-10 14:03:28",1762783408806,"accounting.siamoon.com/api/pnl/property-person","GET","period=month",-1,"h8c2d-1762783408650-61779e5d097a","node","error","production","main","","lambda","/api/pnl/property-person","accounting.siamoon.com","accounting.siamoon.com","dpl_BXrXBWQtWfS7jj9YNFPSwgiaiwED",-1,"iad1",-1,-1,"❌ Property/Person API Error: Error: Apps Script responded with status: 429
    at v (.next/server/app/api/pnl/property-person/route.js:1:1536)
    at async w (.next/server/app/api/pnl/property-person/route.js:1:2012)
    at async k (.next/server/app/api/pnl/property-person/route.js:1:5341)
    at async g (.next/server/app/api/pnl/property-person/route.js:1:6344)
    at async D (.next/server/app/api/pnl/property-person/route.js:1:7466)","prj_63uBGkZZhjEmgHzohvBA1ZzjMGG3","","","01K9Q18CGZBWJX65DERHPQ2CRK","",-1
"2025-11-10 14:03:28",1762783408797,"accounting.siamoon.com/api/pnl/overhead-expenses","GET","period=month",-1,"kdzpp-1762783408651-e3708c33b305","node","error","production","main","","lambda","/api/pnl/overhead-expenses","accounting.siamoon.com","accounting.siamoon.com","dpl_BXrXBWQtWfS7jj9YNFPSwgiaiwED",-1,"iad1",-1,-1,"Error fetching overhead expenses details: Error: Apps Script responded with status: 429
    at w (.next/server/app/api/pnl/overhead-expenses/route.js:1:2438)
    at async k (.next/server/app/api/pnl/overhead-expenses/route.js:1:7059)
    at async g (.next/server/app/api/pnl/overhead-expenses/route.js:1:8062)
    at async D (.next/server/app/api/pnl/overhead-expenses/route.js:1:9184)","prj_63uBGkZZhjEmgHzohvBA1ZzjMGG3","","","01K9Q18CFCS41RM7SETE1YTPWR","",-1
"2025-11-10 14:03:28",1762783408671,"accounting.siamoon.com/api/pnl/property-person","GET","period=month",500,"h8c2d-1762783408650-61779e5d097a","node","error","production","main","","lambda","/api/pnl/property-person","accounting.siamoon.com","accounting.siamoon.com","dpl_BXrXBWQtWfS7jj9YNFPSwgiaiwED",131,"iad1",129,2048,"","prj_63uBGkZZhjEmgHzohvBA1ZzjMGG3","","","01K9Q18CGZBWJX65DERHPQ2CRK","n2dY1vQavWbb",1
"2025-11-10 14:03:28",1762783408666,"accounting.siamoon.com/api/pnl","GET","",200,"xbzp2-1762783408652-47a68aa455d3","node","info","production","main","","lambda","/api/pnl","accounting.siamoon.com","accounting.siamoon.com","dpl_BXrXBWQtWfS7jj9YNFPSwgiaiwED",45,"iad1",128,2048,"","prj_63uBGkZZhjEmgHzohvBA1ZzjMGG3","","","01K9Q18CGTW2VZWJM2AN6Y08DK","pGxKv6TbSWj8",1
"2025-11-10 14:03:28",1762783408665,"accounting.siamoon.com/api/inbox","GET","",429,"chbtl-1762783408652-6f753ce3ab5c","node","warning","production","main","","lambda","/api/inbox","accounting.siamoon.com","accounting.siamoon.com","dpl_BXrXBWQtWfS7jj9YNFPSwgiaiwED",172,"iad1",129,2048,"","prj_63uBGkZZhjEmgHzohvBA1ZzjMGG3","","","01K9Q18CGSZB1F3STE3DG40CSH","SpCk8h1W4fVL",1
"2025-11-10 14:03:28",1762783408664,"accounting.siamoon.com/api/balance","GET","",200,"dkbt4-1762783408654-063905f0e3c8","node","info","production","main","HIT","static","/api/balance","accounting.siamoon.com","accounting.siamoon.com","dpl_BXrXBWQtWfS7jj9YNFPSwgiaiwED",-1,"iad1",-1,-1,"","prj_63uBGkZZhjEmgHzohvBA1ZzjMGG3","","","","",-1
"2025-11-10 14:03:28",1762783408663,"accounting.siamoon.com/api/pnl/overhead-expenses","GET","period=month",500,"kdzpp-1762783408651-e3708c33b305","node","error","production","main","","lambda","/api/pnl/overhead-expenses","accounting.siamoon.com","accounting.siamoon.com","dpl_BXrXBWQtWfS7jj9YNFPSwgiaiwED",135,"iad1",139,2048,"","prj_63uBGkZZhjEmgHzohvBA1ZzjMGG3","","","01K9Q18CFCS41RM7SETE1YTPWR","MtPfm09oS7bo",2
"2025-11-10 14:03:28",1762783408620,"accounting.siamoon.com/api/reports/generate","POST","",200,"7kl9h-1762783408497-521f523c6a9d","Mozilla/5.0 (Macintosh; Intel Mac OS X 10_15_7) AppleWebKit/537.36 (KHTML, like Gecko) Chrome/136.0.0.0 Safari/537.36","info","production","main","","lambda","/api/reports/generate","accounting.siamoon.com","accounting.siamoon.com","dpl_BXrXBWQtWfS7jj9YNFPSwgiaiwED",231,"iad1",185,2048,"","prj_63uBGkZZhjEmgHzohvBA1ZzjMGG3","","","01K9Q18CFCS41RM7SETE1YTPWR","MtPfm09oS7bo",2
"2025-11-10 14:03:20",1762783400538,"bookmate-l3oppyzm8-tool2us-projects.vercel.app/api/reports/share","POST","",-1,"8tgm2-1762783400098-e123134546b1","Mozilla/5.0 (Macintosh; Intel Mac OS X 10_15_7) AppleWebKit/537.36 (KHTML, like Gecko) Chrome/136.0.0.0 Safari/537.36","error","production","main","","lambda","/api/reports/share","bookmate-l3oppyzm8-tool2us-projects.vercel.app","bookmate-l3oppyzm8-tool2us-projects.vercel.app","dpl_BXrXBWQtWfS7jj9YNFPSwgiaiwED",-1,"iad1",-1,-1,"Share POST error: [Error: 5 NOT_FOUND: ] {
  code: 5,
  details: '',
  metadata: [Metadata],
  note: 'Exception occurred in retry method that was not classified as transient'
}","prj_63uBGkZZhjEmgHzohvBA1ZzjMGG3","","","01K9Q184G1ZWADR1DJZCB6YWE0","",-1
"2025-11-10 14:03:20",1762783400445,"bookmate-l3oppyzm8-tool2us-projects.vercel.app/api/reports/share","POST","",-1,"njqt9-1762783399633-44a7385fc861","Mozilla/5.0 (Macintosh; Intel Mac OS X 10_15_7) AppleWebKit/537.36 (KHTML, like Gecko) Chrome/136.0.0.0 Safari/537.36","error","production","main","","lambda","/api/reports/share","bookmate-l3oppyzm8-tool2us-projects.vercel.app","bookmate-l3oppyzm8-tool2us-projects.vercel.app","dpl_BXrXBWQtWfS7jj9YNFPSwgiaiwED",-1,"iad1",-1,-1,"Share POST error: [Error: 5 NOT_FOUND: ] {
  code: 5,
  details: '',
  metadata: [Metadata],
  note: 'Exception occurred in retry method that was not classified as transient'
}","prj_63uBGkZZhjEmgHzohvBA1ZzjMGG3","","","01K9Q184AZX2HAX1WEZ8XAXZJ9","",-1
"2025-11-10 14:03:20",1762783400239,"bookmate-l3oppyzm8-tool2us-projects.vercel.app/api/reports/share","POST","",500,"8tgm2-1762783400098-e123134546b1","Mozilla/5.0 (Macintosh; Intel Mac OS X 10_15_7) AppleWebKit/537.36 (KHTML, like Gecko) Chrome/136.0.0.0 Safari/537.36","error","production","main","","lambda","/api/reports/share","bookmate-l3oppyzm8-tool2us-projects.vercel.app","bookmate-l3oppyzm8-tool2us-projects.vercel.app","dpl_BXrXBWQtWfS7jj9YNFPSwgiaiwED",85,"iad1",184,2048,"","prj_63uBGkZZhjEmgHzohvBA1ZzjMGG3","","","01K9Q184G1ZWADR1DJZCB6YWE0","MtPfm09oS7bo",1
"2025-11-10 14:03:20",1762783400075,"bookmate-l3oppyzm8-tool2us-projects.vercel.app/api/reports/share","POST","",500,"njqt9-1762783399633-44a7385fc861","Mozilla/5.0 (Macintosh; Intel Mac OS X 10_15_7) AppleWebKit/537.36 (KHTML, like Gecko) Chrome/136.0.0.0 Safari/537.36","error","production","main","","lambda","/api/reports/share","bookmate-l3oppyzm8-tool2us-projects.vercel.app","bookmate-l3oppyzm8-tool2us-projects.vercel.app","dpl_BXrXBWQtWfS7jj9YNFPSwgiaiwED",149,"iad1",178,2048,"","prj_63uBGkZZhjEmgHzohvBA1ZzjMGG3","","","01K9Q184AZX2HAX1WEZ8XAXZJ9","MtPfm09oS7bo",1
"2025-11-10 14:03:06",1762783386602,"accounting.siamoon.com/api/pnl","GET","",200,"nmpzk-1762783386565-5685e4fe8027","node","info","production","main","","lambda","/api/pnl","accounting.siamoon.com","accounting.siamoon.com","dpl_BXrXBWQtWfS7jj9YNFPSwgiaiwED",1688,"iad1",128,2048,"","prj_63uBGkZZhjEmgHzohvBA1ZzjMGG3","","","01K9Q17PZAY0CG5VDSH1MGBM3R","pGxKv6TbSWj8",1
"2025-11-10 14:03:06",1762783386602,"accounting.siamoon.com/api/balance","GET","",200,"twbjg-1762783386581-3b765a7c902c","node","info","production","main","HIT","static","/api/balance","accounting.siamoon.com","accounting.siamoon.com","dpl_BXrXBWQtWfS7jj9YNFPSwgiaiwED",-1,"iad1",-1,-1,"","prj_63uBGkZZhjEmgHzohvBA1ZzjMGG3","","","","",-1
"2025-11-10 14:03:06",1762783386602,"accounting.siamoon.com/api/pnl/overhead-expenses","GET","period=month",200,"5v2st-1762783386573-6973a9b648ef","node","info","production","main","","lambda","/api/pnl/overhead-expenses","accounting.siamoon.com","accounting.siamoon.com","dpl_BXrXBWQtWfS7jj9YNFPSwgiaiwED",32,"iad1",129,2048,"","prj_63uBGkZZhjEmgHzohvBA1ZzjMGG3","","","01K9Q17PZAY0CG5VDSH3226HTV","SpCk8h1W4fVL",1
"2025-11-10 14:03:06",1762783386600,"accounting.siamoon.com/api/pnl/property-person","GET","period=month",200,"bqsrm-1762783386572-840a6661d67e","node","info","production","main","","lambda","/api/pnl/property-person","accounting.siamoon.com","accounting.siamoon.com","dpl_BXrXBWQtWfS7jj9YNFPSwgiaiwED",4232,"iad1",122,2048,"","prj_63uBGkZZhjEmgHzohvBA1ZzjMGG3","","","01K9Q17PWHSZS13Y7WRSAY3R2X","MtPfm09oS7bo",2
"2025-11-10 14:03:06",1762783386581,"accounting.siamoon.com/api/inbox","GET","",200,"crxj9-1762783386567-0b8e5b58324b","node","info","production","main","","lambda","/api/inbox","accounting.siamoon.com","accounting.siamoon.com","dpl_BXrXBWQtWfS7jj9YNFPSwgiaiwED",8,"iad1",121,2048,"","prj_63uBGkZZhjEmgHzohvBA1ZzjMGG3","","","01K9Q17PWHSZS13Y7WRSAY3R2X","MtPfm09oS7bo",2
"2025-11-10 14:03:06",1762783386513,"bookmate-l3oppyzm8-tool2us-projects.vercel.app/api/reports/generate","POST","",200,"wsn5j-1762783386396-be991f01ed23","Mozilla/5.0 (Macintosh; Intel Mac OS X 10_15_7) AppleWebKit/537.36 (KHTML, like Gecko) Chrome/136.0.0.0 Safari/537.36","info","production","main","","lambda","/api/reports/generate","bookmate-l3oppyzm8-tool2us-projects.vercel.app","bookmate-l3oppyzm8-tool2us-projects.vercel.app","dpl_BXrXBWQtWfS7jj9YNFPSwgiaiwED",4362,"iad1",175,2048,"","prj_63uBGkZZhjEmgHzohvBA1ZzjMGG3","","","01K9Q17PWHSZS13Y7WRSAY3R2X","MtPfm09oS7bo",2
"2025-11-10 14:03:05",1762783385881,"accounting.siamoon.com/api/reports/templates","GET","workspace=default",-1,"42965-1762783384711-391f4ee0f424","Mozilla/5.0 (Macintosh; Intel Mac OS X 10_15_7) AppleWebKit/537.36 (KHTML, like Gecko) Chrome/136.0.0.0 Safari/537.36","error","production","main","","lambda","/api/reports/templates","accounting.siamoon.com","accounting.siamoon.com","dpl_BXrXBWQtWfS7jj9YNFPSwgiaiwED",-1,"iad1",-1,-1,"Templates GET error: [Error: 5 NOT_FOUND: ] { code: 5, details: '', metadata: [Metadata] }","prj_63uBGkZZhjEmgHzohvBA1ZzjMGG3","","","01K9Q17N7RJQC0EHK54123Q4XA","",-1
"2025-11-10 14:03:04",1762783384824,"accounting.siamoon.com/api/reports/templates","GET","workspace=default",500,"42965-1762783384711-391f4ee0f424","Mozilla/5.0 (Macintosh; Intel Mac OS X 10_15_7) AppleWebKit/537.36 (KHTML, like Gecko) Chrome/136.0.0.0 Safari/537.36","error","production","main","","lambda","/api/reports/templates","accounting.siamoon.com","accounting.siamoon.com","dpl_BXrXBWQtWfS7jj9YNFPSwgiaiwED",1051,"iad1",163,2048,"","prj_63uBGkZZhjEmgHzohvBA1ZzjMGG3","","","01K9Q17N7RJQC0EHK54123Q4XA","MtPfm09oS7bo",1
"2025-11-10 14:02:53",1762783373666,"accounting.siamoon.com/admin","GET","",200,"lk8mq-1762783373420-8f0a9f9781ef","Mozilla/5.0 (Macintosh; Intel Mac OS X 10_15_7) AppleWebKit/537.36 (KHTML, like Gecko) Chrome/136.0.0.0 Safari/537.36","info","production","main","PRERENDER","static","/admin","accounting.siamoon.com","accounting.siamoon.com","dpl_BXrXBWQtWfS7jj9YNFPSwgiaiwED",-1,"",-1,-1,"","prj_63uBGkZZhjEmgHzohvBA1ZzjMGG3","","","","",-1
"2025-11-10 14:02:53",1762783373403,"accounting.siamoon.com/balance","GET","",200,"s4kmv-1762783373120-959bbf6dba91","Mozilla/5.0 (Macintosh; Intel Mac OS X 10_15_7) AppleWebKit/537.36 (KHTML, like Gecko) Chrome/136.0.0.0 Safari/537.36","info","production","main","PRERENDER","static","/balance","accounting.siamoon.com","accounting.siamoon.com","dpl_BXrXBWQtWfS7jj9YNFPSwgiaiwED",-1,"",-1,-1,"","prj_63uBGkZZhjEmgHzohvBA1ZzjMGG3","","","","",-1
"2025-11-10 14:02:53",1762783373377,"accounting.siamoon.com/settings","GET","",200,"2929r-1762783373112-5c390a169aa4","Mozilla/5.0 (Macintosh; Intel Mac OS X 10_15_7) AppleWebKit/537.36 (KHTML, like Gecko) Chrome/136.0.0.0 Safari/537.36","info","production","main","PRERENDER","static","/settings","accounting.siamoon.com","accounting.siamoon.com","dpl_BXrXBWQtWfS7jj9YNFPSwgiaiwED",-1,"",-1,-1,"","prj_63uBGkZZhjEmgHzohvBA1ZzjMGG3","","","","",-1
"2025-11-10 14:02:53",1762783373348,"accounting.siamoon.com/activity","GET","",200,"p6krt-1762783373112-8758be811057","Mozilla/5.0 (Macintosh; Intel Mac OS X 10_15_7) AppleWebKit/537.36 (KHTML, like Gecko) Chrome/136.0.0.0 Safari/537.36","info","production","main","PRERENDER","static","/activity","accounting.siamoon.com","accounting.siamoon.com","dpl_BXrXBWQtWfS7jj9YNFPSwgiaiwED",-1,"",-1,-1,"","prj_63uBGkZZhjEmgHzohvBA1ZzjMGG3","","","","",-1
"2025-11-10 14:02:53",1762783373347,"accounting.siamoon.com/pnl","GET","",200,"8tgm2-1762783373112-0e15aa00ff42","Mozilla/5.0 (Macintosh; Intel Mac OS X 10_15_7) AppleWebKit/537.36 (KHTML, like Gecko) Chrome/136.0.0.0 Safari/537.36","info","production","main","PRERENDER","static","/pnl","accounting.siamoon.com","accounting.siamoon.com","dpl_BXrXBWQtWfS7jj9YNFPSwgiaiwED",-1,"",-1,-1,"","prj_63uBGkZZhjEmgHzohvBA1ZzjMGG3","","","","",-1
"2025-11-10 14:02:53",1762783373342,"accounting.siamoon.com/reports","GET","",200,"wpd9k-1762783373109-fd5134d15931","Mozilla/5.0 (Macintosh; Intel Mac OS X 10_15_7) AppleWebKit/537.36 (KHTML, like Gecko) Chrome/136.0.0.0 Safari/537.36","info","production","main","PRERENDER","static","/reports","accounting.siamoon.com","accounting.siamoon.com","dpl_BXrXBWQtWfS7jj9YNFPSwgiaiwED",-1,"",-1,-1,"","prj_63uBGkZZhjEmgHzohvBA1ZzjMGG3","","","","",-1
"2025-11-10 14:02:53",1762783373219,"accounting.siamoon.com/api/pnl/overhead-expenses","GET","period=month",200,"wpd9k-1762783373105-2e344b0767f3","Mozilla/5.0 (Macintosh; Intel Mac OS X 10_15_7) AppleWebKit/537.36 (KHTML, like Gecko) Chrome/136.0.0.0 Safari/537.36","info","production","main","","lambda","/api/pnl/overhead-expenses","accounting.siamoon.com","accounting.siamoon.com","dpl_BXrXBWQtWfS7jj9YNFPSwgiaiwED",3794,"iad1",129,2048,"","prj_63uBGkZZhjEmgHzohvBA1ZzjMGG3","","","01K9Q179X376JDBKRE57DCJ38W","SpCk8h1W4fVL",1
"2025-11-10 14:02:53",1762783373219,"accounting.siamoon.com/api/inbox","GET","",200,"z9dd6-1762783373108-a53689c11414","Mozilla/5.0 (Macintosh; Intel Mac OS X 10_15_7) AppleWebKit/537.36 (KHTML, like Gecko) Chrome/136.0.0.0 Safari/537.36","info","production","main","","lambda","/api/inbox","accounting.siamoon.com","accounting.siamoon.com","dpl_BXrXBWQtWfS7jj9YNFPSwgiaiwED",4743,"iad1",128,2048,"","prj_63uBGkZZhjEmgHzohvBA1ZzjMGG3","","","01K9Q179X376JDBKRE58ESWNDZ","MtPfm09oS7bo",1
"2025-11-10 14:02:53",1762783373219,"accounting.siamoon.com/api/pnl","GET","",200,"rw7nq-1762783373105-000cadf1eedd","Mozilla/5.0 (Macintosh; Intel Mac OS X 10_15_7) AppleWebKit/537.36 (KHTML, like Gecko) Chrome/136.0.0.0 Safari/537.36","info","production","main","","lambda","/api/pnl","accounting.siamoon.com","accounting.siamoon.com","dpl_BXrXBWQtWfS7jj9YNFPSwgiaiwED",1888,"iad1",129,2048,"","prj_63uBGkZZhjEmgHzohvBA1ZzjMGG3","","","01K9Q179X376JDBKRE56Y8A6V9","n2dY1vQavWbb",1
"2025-11-10 14:02:53",1762783373217,"accounting.siamoon.com/api/pnl/property-person","GET","period=month",200,"227ft-1762783373105-7c27cd9da1cc","Mozilla/5.0 (Macintosh; Intel Mac OS X 10_15_7) AppleWebKit/537.36 (KHTML, like Gecko) Chrome/136.0.0.0 Safari/537.36","info","production","main","","lambda","/api/pnl/property-person","accounting.siamoon.com","accounting.siamoon.com","dpl_BXrXBWQtWfS7jj9YNFPSwgiaiwED",2804,"iad1",128,2048,"","prj_63uBGkZZhjEmgHzohvBA1ZzjMGG3","","","01K9Q179X1J0PT4QD3GMGS8PK2","pGxKv6TbSWj8",1
"2025-11-10 14:02:53",1762783373217,"accounting.siamoon.com/api/balance","GET","",200,"bt8dd-1762783373107-7003bd290000","Mozilla/5.0 (Macintosh; Intel Mac OS X 10_15_7) AppleWebKit/537.36 (KHTML, like Gecko) Chrome/136.0.0.0 Safari/537.36","info","production","main","","lambda","/api/balance","accounting.siamoon.com","accounting.siamoon.com","dpl_BXrXBWQtWfS7jj9YNFPSwgiaiwED",1065,"iad1",197,2048,"","prj_63uBGkZZhjEmgHzohvBA1ZzjMGG3","","","01K9Q179X1G48G3XVGBP9JAKQA","Jh4RRKDZdexT",1
"2025-11-10 14:02:52",1762783372983,"accounting.siamoon.com/dashboard","GET","",200,"2929r-1762783372724-978cbf8be6e3","Mozilla/5.0 (Macintosh; Intel Mac OS X 10_15_7) AppleWebKit/537.36 (KHTML, like Gecko) Chrome/136.0.0.0 Safari/537.36","info","production","main","PRERENDER","static","/dashboard","accounting.siamoon.com","accounting.siamoon.com","dpl_BXrXBWQtWfS7jj9YNFPSwgiaiwED",-1,"",-1,-1,"","prj_63uBGkZZhjEmgHzohvBA1ZzjMGG3","","","","",-1
"2025-11-10 14:02:50",1762783370519,"accounting.siamoon.com/","GET","",200,"fn6lx-1762783370261-818889955ffe","Mozilla/5.0 (Macintosh; Intel Mac OS X 10_15_7) AppleWebKit/537.36 (KHTML, like Gecko) Chrome/136.0.0.0 Safari/537.36","info","production","main","PRERENDER","static","/","accounting.siamoon.com","accounting.siamoon.com","dpl_BXrXBWQtWfS7jj9YNFPSwgiaiwED",-1,"",-1,-1,"","prj_63uBGkZZhjEmgHzohvBA1ZzjMGG3","","","","",-1
"2025-11-10 14:02:45",1762783365348,"accounting.siamoon.com/api/pnl","GET","",200,"pb79j-1762783365271-ade048ed67d7","node","info","production","main","","lambda","/api/pnl","accounting.siamoon.com","accounting.siamoon.com","dpl_BXrXBWQtWfS7jj9YNFPSwgiaiwED",1535,"iad1",126,2048,"","prj_63uBGkZZhjEmgHzohvBA1ZzjMGG3","","","01K9Q17274QYFAK7GHPZAQC1PD","VDVWkMX2nHDP",1
"2025-11-10 14:02:45",1762783365337,"accounting.siamoon.com/api/inbox","GET","",200,"9htwn-1762783365252-e692174ddce5","node","info","production","main","","lambda","/api/inbox","accounting.siamoon.com","accounting.siamoon.com","dpl_BXrXBWQtWfS7jj9YNFPSwgiaiwED",4879,"iad1",94,2048,"","prj_63uBGkZZhjEmgHzohvBA1ZzjMGG3","","","01K9Q172589SXQJCCVDR943TAD","KP4LBPhWMdj1",2
"2025-11-10 14:02:45",1762783365332,"accounting.siamoon.com/api/balance","GET","",200,"4c79j-1762783365286-c9db00742a31","node","info","production","main","","lambda","/api/balance","accounting.siamoon.com","accounting.siamoon.com","dpl_BXrXBWQtWfS7jj9YNFPSwgiaiwED",15,"iad1",276,2048,"","prj_63uBGkZZhjEmgHzohvBA1ZzjMGG3","","","01K9Q1726MB0B96T6SD6DFS3P7","wxvXtKSwNqkR",1
"2025-11-10 14:02:45",1762783365288,"accounting.siamoon.com/api/pnl/overhead-expenses","GET","period=month",200,"q8s5f-1762783365237-6281c7b2ce3f","node","info","production","main","","lambda","/api/pnl/overhead-expenses","accounting.siamoon.com","accounting.siamoon.com","dpl_BXrXBWQtWfS7jj9YNFPSwgiaiwED",3798,"iad1",126,2048,"","prj_63uBGkZZhjEmgHzohvBA1ZzjMGG3","","","01K9Q172589SXQJCCVDR943TAD","KP4LBPhWMdj1",2
"2025-11-10 14:02:45",1762783365276,"accounting.siamoon.com/api/pnl/property-person","GET","period=month",200,"bqcn4-1762783365220-927336a99213","node","info","production","main","","lambda","/api/pnl/property-person","accounting.siamoon.com","accounting.siamoon.com","dpl_BXrXBWQtWfS7jj9YNFPSwgiaiwED",5206,"iad1",131,2048,"","prj_63uBGkZZhjEmgHzohvBA1ZzjMGG3","","","01K9Q1724W43Z2BYDFDXXN2HNR","ejQ3ZkmM9vFX",1
"2025-11-10 14:02:45",1762783365157,"bookmate-l3oppyzm8-tool2us-projects.vercel.app/api/reports/generate","POST","",200,"99m9f-1762783364794-9a53477dd59c","Mozilla/5.0 (Macintosh; Intel Mac OS X 10_15_7) AppleWebKit/537.36 (KHTML, like Gecko) Chrome/136.0.0.0 Safari/537.36","info","production","main","","lambda","/api/reports/generate","bookmate-l3oppyzm8-tool2us-projects.vercel.app","bookmate-l3oppyzm8-tool2us-projects.vercel.app","dpl_BXrXBWQtWfS7jj9YNFPSwgiaiwED",5362,"iad1",181,2048,"","prj_63uBGkZZhjEmgHzohvBA1ZzjMGG3","","","01K9Q17215XYTS2S2Q7JBBEE2X","w5UAIVV9iPbe",1
"2025-11-10 14:02:44",1762783364858,"bookmate-l3oppyzm8-tool2us-projects.vercel.app/api/reports/templates","GET","workspace=default",-1,"7tzs2-1762783363542-b4f1f0a34a6b","Mozilla/5.0 (Macintosh; Intel Mac OS X 10_15_7) AppleWebKit/537.36 (KHTML, like Gecko) Chrome/136.0.0.0 Safari/537.36","error","production","main","","lambda","/api/reports/templates","bookmate-l3oppyzm8-tool2us-projects.vercel.app","bookmate-l3oppyzm8-tool2us-projects.vercel.app","dpl_BXrXBWQtWfS7jj9YNFPSwgiaiwED",-1,"iad1",-1,-1,"Templates GET error: [Error: 5 NOT_FOUND: ] { code: 5, details: '', metadata: [Metadata] }","prj_63uBGkZZhjEmgHzohvBA1ZzjMGG3","","","01K9Q16TV11MW9WKBJA7GKSDNZ","",-1
"2025-11-10 14:02:43",1762783363943,"bookmate-l3oppyzm8-tool2us-projects.vercel.app/api/reports/templates","GET","workspace=default",500,"7tzs2-1762783363542-b4f1f0a34a6b","Mozilla/5.0 (Macintosh; Intel Mac OS X 10_15_7) AppleWebKit/537.36 (KHTML, like Gecko) Chrome/136.0.0.0 Safari/537.36","error","production","main","","lambda","/api/reports/templates","bookmate-l3oppyzm8-tool2us-projects.vercel.app","bookmate-l3oppyzm8-tool2us-projects.vercel.app","dpl_BXrXBWQtWfS7jj9YNFPSwgiaiwED",924,"iad1",123,2048,"","prj_63uBGkZZhjEmgHzohvBA1ZzjMGG3","","","01K9Q16TV11MW9WKBJA7GKSDNZ","w5UAIVV9iPbe",2
"2025-11-10 14:02:38",1762783358499,"bookmate-l3oppyzm8-tool2us-projects.vercel.app/admin","GET","",200,"25h6d-1762783357953-a7366a188afc","Mozilla/5.0 (Macintosh; Intel Mac OS X 10_15_7) AppleWebKit/537.36 (KHTML, like Gecko) Chrome/136.0.0.0 Safari/537.36","info","production","main","PRERENDER","static","/admin","bookmate-l3oppyzm8-tool2us-projects.vercel.app","bookmate-l3oppyzm8-tool2us-projects.vercel.app","dpl_BXrXBWQtWfS7jj9YNFPSwgiaiwED",-1,"",-1,-1,"","prj_63uBGkZZhjEmgHzohvBA1ZzjMGG3","","","","",-1
"2025-11-10 14:02:37",1762783357948,"bookmate-l3oppyzm8-tool2us-projects.vercel.app/activity","GET","",200,"txjp6-1762783357406-eabc7d2c4ae4","Mozilla/5.0 (Macintosh; Intel Mac OS X 10_15_7) AppleWebKit/537.36 (KHTML, like Gecko) Chrome/136.0.0.0 Safari/537.36","info","production","main","PRERENDER","static","/activity","bookmate-l3oppyzm8-tool2us-projects.vercel.app","bookmate-l3oppyzm8-tool2us-projects.vercel.app","dpl_BXrXBWQtWfS7jj9YNFPSwgiaiwED",-1,"",-1,-1,"","prj_63uBGkZZhjEmgHzohvBA1ZzjMGG3","","","","",-1
"2025-11-10 14:02:37",1762783357934,"bookmate-l3oppyzm8-tool2us-projects.vercel.app/settings","GET","",200,"8fzsv-1762783357410-353627adcf8e","Mozilla/5.0 (Macintosh; Intel Mac OS X 10_15_7) AppleWebKit/537.36 (KHTML, like Gecko) Chrome/136.0.0.0 Safari/537.36","info","production","main","PRERENDER","static","/settings","bookmate-l3oppyzm8-tool2us-projects.vercel.app","bookmate-l3oppyzm8-tool2us-projects.vercel.app","dpl_BXrXBWQtWfS7jj9YNFPSwgiaiwED",-1,"",-1,-1,"","prj_63uBGkZZhjEmgHzohvBA1ZzjMGG3","","","","",-1
"2025-11-10 14:02:37",1762783357930,"bookmate-l3oppyzm8-tool2us-projects.vercel.app/balance","GET","",200,"p6krt-1762783357406-91065f858ece","Mozilla/5.0 (Macintosh; Intel Mac OS X 10_15_7) AppleWebKit/537.36 (KHTML, like Gecko) Chrome/136.0.0.0 Safari/537.36","info","production","main","PRERENDER","static","/balance","bookmate-l3oppyzm8-tool2us-projects.vercel.app","bookmate-l3oppyzm8-tool2us-projects.vercel.app","dpl_BXrXBWQtWfS7jj9YNFPSwgiaiwED",-1,"",-1,-1,"","prj_63uBGkZZhjEmgHzohvBA1ZzjMGG3","","","","",-1
"2025-11-10 14:02:37",1762783357920,"bookmate-l3oppyzm8-tool2us-projects.vercel.app/reports","GET","",200,"hw9lm-1762783357406-cc8ec0e2e1fa","Mozilla/5.0 (Macintosh; Intel Mac OS X 10_15_7) AppleWebKit/537.36 (KHTML, like Gecko) Chrome/136.0.0.0 Safari/537.36","info","production","main","PRERENDER","static","/reports","bookmate-l3oppyzm8-tool2us-projects.vercel.app","bookmate-l3oppyzm8-tool2us-projects.vercel.app","dpl_BXrXBWQtWfS7jj9YNFPSwgiaiwED",-1,"",-1,-1,"","prj_63uBGkZZhjEmgHzohvBA1ZzjMGG3","","","","",-1
"2025-11-10 14:02:37",1762783357896,"bookmate-l3oppyzm8-tool2us-projects.vercel.app/pnl","GET","",200,"gq5gk-1762783357406-5744b1094070","Mozilla/5.0 (Macintosh; Intel Mac OS X 10_15_7) AppleWebKit/537.36 (KHTML, like Gecko) Chrome/136.0.0.0 Safari/537.36","info","production","main","PRERENDER","static","/pnl","bookmate-l3oppyzm8-tool2us-projects.vercel.app","bookmate-l3oppyzm8-tool2us-projects.vercel.app","dpl_BXrXBWQtWfS7jj9YNFPSwgiaiwED",-1,"",-1,-1,"","prj_63uBGkZZhjEmgHzohvBA1ZzjMGG3","","","","",-1
"2025-11-10 14:02:37",1762783357802,"bookmate-l3oppyzm8-tool2us-projects.vercel.app/api/pnl/overhead-expenses","GET","period=month",200,"wtwht-1762783357405-3477e5bc9676","Mozilla/5.0 (Macintosh; Intel Mac OS X 10_15_7) AppleWebKit/537.36 (KHTML, like Gecko) Chrome/136.0.0.0 Safari/537.36","info","production","main","","lambda","/api/pnl/overhead-expenses","bookmate-l3oppyzm8-tool2us-projects.vercel.app","bookmate-l3oppyzm8-tool2us-projects.vercel.app","dpl_BXrXBWQtWfS7jj9YNFPSwgiaiwED",3257,"iad1",126,2048,"","prj_63uBGkZZhjEmgHzohvBA1ZzjMGG3","","","01K9Q16TVABPKFQ6N8Y6B4XQXV","VDVWkMX2nHDP",1
"2025-11-10 14:02:37",1762783357795,"bookmate-l3oppyzm8-tool2us-projects.vercel.app/api/pnl/property-person","GET","period=month",200,"8djjn-1762783357405-1eaf5fb3be25","Mozilla/5.0 (Macintosh; Intel Mac OS X 10_15_7) AppleWebKit/537.36 (KHTML, like Gecko) Chrome/136.0.0.0 Safari/537.36","info","production","main","","lambda","/api/pnl/property-person","bookmate-l3oppyzm8-tool2us-projects.vercel.app","bookmate-l3oppyzm8-tool2us-projects.vercel.app","dpl_BXrXBWQtWfS7jj9YNFPSwgiaiwED",3744,"iad1",125,2048,"","prj_63uBGkZZhjEmgHzohvBA1ZzjMGG3","","","01K9Q16TV36AXPNNYEMBCVS96V","KP4LBPhWMdj1",1
"2025-11-10 14:02:37",1762783357793,"bookmate-l3oppyzm8-tool2us-projects.vercel.app/api/pnl","GET","",200,"wrbcq-1762783357404-ae436cf25887","Mozilla/5.0 (Macintosh; Intel Mac OS X 10_15_7) AppleWebKit/537.36 (KHTML, like Gecko) Chrome/136.0.0.0 Safari/537.36","info","production","main","","lambda","/api/pnl","bookmate-l3oppyzm8-tool2us-projects.vercel.app","bookmate-l3oppyzm8-tool2us-projects.vercel.app","dpl_BXrXBWQtWfS7jj9YNFPSwgiaiwED",6592,"iad1",166,2048,"","prj_63uBGkZZhjEmgHzohvBA1ZzjMGG3","","","01K9Q16TV11MW9WKBJA7GKSDNZ","w5UAIVV9iPbe",2
"2025-11-10 14:02:37",1762783357780,"bookmate-l3oppyzm8-tool2us-projects.vercel.app/api/inbox","GET","",200,"99m9f-1762783357408-2f3ccb299827","Mozilla/5.0 (Macintosh; Intel Mac OS X 10_15_7) AppleWebKit/537.36 (KHTML, like Gecko) Chrome/136.0.0.0 Safari/537.36","info","production","main","","lambda","/api/inbox","bookmate-l3oppyzm8-tool2us-projects.vercel.app","bookmate-l3oppyzm8-tool2us-projects.vercel.app","dpl_BXrXBWQtWfS7jj9YNFPSwgiaiwED",4642,"iad1",131,2048,"","prj_63uBGkZZhjEmgHzohvBA1ZzjMGG3","","","01K9Q16TTN0S0XJVWW30S5RQ41","ejQ3ZkmM9vFX",1
"2025-11-10 14:02:37",1762783357778,"bookmate-l3oppyzm8-tool2us-projects.vercel.app/api/balance","GET","",200,"l2nw6-1762783357405-9ff909037af0","Mozilla/5.0 (Macintosh; Intel Mac OS X 10_15_7) AppleWebKit/537.36 (KHTML, like Gecko) Chrome/136.0.0.0 Safari/537.36","info","production","main","","lambda","/api/balance","bookmate-l3oppyzm8-tool2us-projects.vercel.app","bookmate-l3oppyzm8-tool2us-projects.vercel.app","dpl_BXrXBWQtWfS7jj9YNFPSwgiaiwED",2232,"iad1",276,2048,"","prj_63uBGkZZhjEmgHzohvBA1ZzjMGG3","","","01K9Q16TTJMWPCPQ85SQS7QKDD","wxvXtKSwNqkR",1
"2025-11-10 14:02:36",1762783356868,"bookmate-l3oppyzm8-tool2us-projects.vercel.app/dashboard","GET","",200,"wrbcq-1762783356384-dfdddfea951b","Mozilla/5.0 (Macintosh; Intel Mac OS X 10_15_7) AppleWebKit/537.36 (KHTML, like Gecko) Chrome/136.0.0.0 Safari/537.36","info","production","main","PRERENDER","static","/dashboard","bookmate-l3oppyzm8-tool2us-projects.vercel.app","bookmate-l3oppyzm8-tool2us-projects.vercel.app","dpl_BXrXBWQtWfS7jj9YNFPSwgiaiwED",-1,"",-1,-1,"","prj_63uBGkZZhjEmgHzohvBA1ZzjMGG3","","","","",-1
"2025-11-10 13:59:26",1762783166180,"bookmate-l3oppyzm8-tool2us-projects.vercel.app/login","GET","",200,"5g5f5-1762783166096-31b953135160","vercel-screenshot/1.0","info","production","main","PRERENDER","static","/login","bookmate-l3oppyzm8-tool2us-projects.vercel.app","bookmate-l3oppyzm8-tool2us-projects.vercel.app","dpl_BXrXBWQtWfS7jj9YNFPSwgiaiwED",-1,"",-1,-1,"","prj_63uBGkZZhjEmgHzohvBA1ZzjMGG3","","","","",-1
"2025-11-10 13:59:26",1762783166113,"bookmate-l3oppyzm8-tool2us-projects.vercel.app/login","GET","",200,"hxfv5-1762783165906-44d180ea72d8","vercel-screenshot/1.0","info","production","main","PRERENDER","static","/login","bookmate-l3oppyzm8-tool2us-projects.vercel.app","bookmate-l3oppyzm8-tool2us-projects.vercel.app","dpl_BXrXBWQtWfS7jj9YNFPSwgiaiwED",-1,"",-1,-1,"","prj_63uBGkZZhjEmgHzohvBA1ZzjMGG3","","","","",-1
"2025-11-10 13:59:25",1762783165259,"bookmate-l3oppyzm8-tool2us-projects.vercel.app/","GET","",200,"s98g9-1762783164986-ebfe19466e68","vercel-screenshot/1.0","info","production","main","PRERENDER","static","/","bookmate-l3oppyzm8-tool2us-projects.vercel.app","bookmate-l3oppyzm8-tool2us-projects.vercel.app","dpl_BXrXBWQtWfS7jj9YNFPSwgiaiwED",-1,"",-1,-1,"","prj_63uBGkZZhjEmgHzohvBA1ZzjMGG3","","","","",-1
"2025-11-10 13:59:25",1762783165250,"bookmate-l3oppyzm8-tool2us-projects.vercel.app/","GET","",200,"rprjb-1762783164952-1c83fbd3b793","vercel-screenshot/1.0","info","production","main","PRERENDER","static","/","bookmate-l3oppyzm8-tool2us-projects.vercel.app","bookmate-l3oppyzm8-tool2us-projects.vercel.app","dpl_BXrXBWQtWfS7jj9YNFPSwgiaiwED",-1,"",-1,-1,"","prj_63uBGkZZhjEmgHzohvBA1ZzjMGG3","","","","",-1
"2025-11-10 13:57:54",1762783074928,"bookmate-2ju9at0ce-tool2us-projects.vercel.app/api/reports/share","POST","",-1,"rzcf5-1762783074451-f2854255a40f","Mozilla/5.0 (Macintosh; Intel Mac OS X 10_15_7) AppleWebKit/537.36 (KHTML, like Gecko) Chrome/136.0.0.0 Safari/537.36","error","production","main","","lambda","/api/reports/share","bookmate-2ju9at0ce-tool2us-projects.vercel.app","bookmate-2ju9at0ce-tool2us-projects.vercel.app","dpl_AEQdXM2o9sd3K9MFdr2MBzuCj2B5",-1,"iad1",-1,-1,"Share POST error: Error [PrismaClientInitializationError]: 
Invalid `prisma.sharedReport.create()` invocation:


Error querying the database: Error code 14: Unable to open the database file
    at async x (.next/server/app/api/reports/share/route.js:1:1541)
    at async k (.next/server/app/api/reports/share/route.js:2:3926)
    at async g (.next/server/app/api/reports/share/route.js:2:4929) {
  clientVersion: '6.19.0',
  errorCode: undefined,
  retryable: undefined
}","prj_63uBGkZZhjEmgHzohvBA1ZzjMGG3","","","01K9Q0Y6J3SQZNQCD70GEYQT9Y","",-1
"2025-11-10 13:57:54",1762783074672,"bookmate-2ju9at0ce-tool2us-projects.vercel.app/api/reports/share","POST","",500,"rzcf5-1762783074451-f2854255a40f","Mozilla/5.0 (Macintosh; Intel Mac OS X 10_15_7) AppleWebKit/537.36 (KHTML, like Gecko) Chrome/136.0.0.0 Safari/537.36","error","production","main","","lambda","/api/reports/share","bookmate-2ju9at0ce-tool2us-projects.vercel.app","bookmate-2ju9at0ce-tool2us-projects.vercel.app","dpl_AEQdXM2o9sd3K9MFdr2MBzuCj2B5",34,"iad1",148,2048,"","prj_63uBGkZZhjEmgHzohvBA1ZzjMGG3","","","01K9Q0Y6J3SQZNQCD70GEYQT9Y","F9PJ6t6VbQaV",1
"2025-11-10 13:57:31",1762783051564,"accounting.siamoon.com/api/pnl/overhead-expenses","GET","period=month",200,"2kp6c-1762783051533-6c7a34f85554","node","info","production","main","","lambda","/api/pnl/overhead-expenses","accounting.siamoon.com","accounting.siamoon.com","dpl_HDa3KEe9sjFMo3pwBtA7Guy6Sm3p",3055,"iad1",126,2048,"","prj_63uBGkZZhjEmgHzohvBA1ZzjMGG3","","","01K9Q0XFSC6Z0ZR7E7E9K6XRAX","kvxQsuEGkUw0",1
"2025-11-10 13:57:31",1762783051554,"accounting.siamoon.com/api/pnl","GET","",200,"rtkrb-1762783051463-8e3b6d9a46b1","node","info","production","main","","lambda","/api/pnl","accounting.siamoon.com","accounting.siamoon.com","dpl_HDa3KEe9sjFMo3pwBtA7Guy6Sm3p",2063,"iad1",125,2048,"","prj_63uBGkZZhjEmgHzohvBA1ZzjMGG3","","","01K9Q0XFS2ZN6P9Z3TK49J0CP2","IAhJLRcovCoO",1
"2025-11-10 13:57:31",1762783051550,"accounting.siamoon.com/api/inbox","GET","",200,"z7nh8-1762783051502-2893edb69979","node","info","production","main","","lambda","/api/inbox","accounting.siamoon.com","accounting.siamoon.com","dpl_HDa3KEe9sjFMo3pwBtA7Guy6Sm3p",3437,"iad1",125,2048,"","prj_63uBGkZZhjEmgHzohvBA1ZzjMGG3","","","01K9Q0XFRZMV26NH0AYTWPWVPF","6bnsT9HDHbMs",1
"2025-11-10 13:57:31",1762783051547,"accounting.siamoon.com/api/pnl/property-person","GET","period=month",200,"hbbmc-1762783051465-5a46aeba5d00","node","info","production","main","","lambda","/api/pnl/property-person","accounting.siamoon.com","accounting.siamoon.com","dpl_HDa3KEe9sjFMo3pwBtA7Guy6Sm3p",2510,"iad1",127,2048,"","prj_63uBGkZZhjEmgHzohvBA1ZzjMGG3","","","01K9Q0XFRVR57M87JMA4M6P7SM","fT44blUJRiie",1
"2025-11-10 13:57:31",1762783051531,"accounting.siamoon.com/api/balance","GET","",200,"2dckf-1762783051461-bce95766a722","node","info","production","main","","lambda","/api/balance","accounting.siamoon.com","accounting.siamoon.com","dpl_HDa3KEe9sjFMo3pwBtA7Guy6Sm3p",1925,"iad1",275,2048,"","prj_63uBGkZZhjEmgHzohvBA1ZzjMGG3","","","01K9Q0XFRB917S11SYCACTXRXP","CtRqMHhlmZZ4",1
"2025-11-10 13:57:31",1762783051398,"bookmate-2ju9at0ce-tool2us-projects.vercel.app/api/reports/generate","POST","",200,"lcnhl-1762783051286-50eaddb42116","Mozilla/5.0 (Macintosh; Intel Mac OS X 10_15_7) AppleWebKit/537.36 (KHTML, like Gecko) Chrome/136.0.0.0 Safari/537.36","info","production","main","","lambda","/api/reports/generate","bookmate-2ju9at0ce-tool2us-projects.vercel.app","bookmate-2ju9at0ce-tool2us-projects.vercel.app","dpl_AEQdXM2o9sd3K9MFdr2MBzuCj2B5",3949,"iad1",146,2048,"","prj_63uBGkZZhjEmgHzohvBA1ZzjMGG3","","","01K9Q0XFM6CF5H5TN9YMSA5VD1","F9PJ6t6VbQaV",1
"2025-11-10 13:57:30",1762783050466,"bookmate-2ju9at0ce-tool2us-projects.vercel.app/api/reports/templates","GET","workspace=default",-1,"swlgr-1762783050142-1f21110752b0","Mozilla/5.0 (Macintosh; Intel Mac OS X 10_15_7) AppleWebKit/537.36 (KHTML, like Gecko) Chrome/136.0.0.0 Safari/537.36","error","production","main","","lambda","/api/reports/templates","bookmate-2ju9at0ce-tool2us-projects.vercel.app","bookmate-2ju9at0ce-tool2us-projects.vercel.app","dpl_AEQdXM2o9sd3K9MFdr2MBzuCj2B5",-1,"iad1",-1,-1,"Templates GET error: Error [PrismaClientInitializationError]: 
Invalid `prisma.reportTemplate.findMany()` invocation:


Error querying the database: Error code 14: Unable to open the database file
    at async w (.next/server/app/api/reports/templates/route.js:1:1492)
    at async k (.next/server/app/api/reports/templates/route.js:1:6301)
    at async g (.next/server/app/api/reports/templates/route.js:1:7304) {
  clientVersion: '6.19.0',
  errorCode: undefined,
  retryable: undefined
}","prj_63uBGkZZhjEmgHzohvBA1ZzjMGG3","","","01K9Q0XEGNZVAZGMKYYQRRY3HK","",-1
"2025-11-10 13:57:30",1762783050261,"bookmate-2ju9at0ce-tool2us-projects.vercel.app/api/reports/templates","GET","workspace=default",500,"swlgr-1762783050142-1f21110752b0","Mozilla/5.0 (Macintosh; Intel Mac OS X 10_15_7) AppleWebKit/537.36 (KHTML, like Gecko) Chrome/136.0.0.0 Safari/537.36","error","production","main","","lambda","/api/reports/templates","bookmate-2ju9at0ce-tool2us-projects.vercel.app","bookmate-2ju9at0ce-tool2us-projects.vercel.app","dpl_AEQdXM2o9sd3K9MFdr2MBzuCj2B5",219,"iad1",138,2048,"","prj_63uBGkZZhjEmgHzohvBA1ZzjMGG3","","","01K9Q0XEGNZVAZGMKYYQRRY3HK","F9PJ6t6VbQaV",1
"2025-11-10 13:57:24",1762783044036,"bookmate-2ju9at0ce-tool2us-projects.vercel.app/api/pnl/overhead-expenses","GET","period=month",200,"tvmwx-1762783043862-9349fccbb3bd","Mozilla/5.0 (Macintosh; Intel Mac OS X 10_15_7) AppleWebKit/537.36 (KHTML, like Gecko) Chrome/136.0.0.0 Safari/537.36","info","production","main","","lambda","/api/pnl/overhead-expenses","bookmate-2ju9at0ce-tool2us-projects.vercel.app","bookmate-2ju9at0ce-tool2us-projects.vercel.app","dpl_AEQdXM2o9sd3K9MFdr2MBzuCj2B5",2973,"iad1",129,2048,"","prj_63uBGkZZhjEmgHzohvBA1ZzjMGG3","","","01K9Q0X8E4ZX9DDAG3CP3V87FH","F9PJ6t6VbQaV",1
"2025-11-10 13:57:23",1762783043994,"bookmate-2ju9at0ce-tool2us-projects.vercel.app/api/pnl","GET","",200,"7b5b7-1762783043856-10ef5e6f425e","Mozilla/5.0 (Macintosh; Intel Mac OS X 10_15_7) AppleWebKit/537.36 (KHTML, like Gecko) Chrome/136.0.0.0 Safari/537.36","info","production","main","","lambda","/api/pnl","bookmate-2ju9at0ce-tool2us-projects.vercel.app","bookmate-2ju9at0ce-tool2us-projects.vercel.app","dpl_AEQdXM2o9sd3K9MFdr2MBzuCj2B5",2898,"iad1",128,2048,"","prj_63uBGkZZhjEmgHzohvBA1ZzjMGG3","","","01K9Q0X8CTXR96KNFTCRGPSQP9","jdTQkZuOe7H0",1
"2025-11-10 13:57:23",1762783043979,"bookmate-2ju9at0ce-tool2us-projects.vercel.app/api/inbox","GET","",200,"5d2nn-1762783043861-0551ff185c21","Mozilla/5.0 (Macintosh; Intel Mac OS X 10_15_7) AppleWebKit/537.36 (KHTML, like Gecko) Chrome/136.0.0.0 Safari/537.36","info","production","main","","lambda","/api/inbox","bookmate-2ju9at0ce-tool2us-projects.vercel.app","bookmate-2ju9at0ce-tool2us-projects.vercel.app","dpl_AEQdXM2o9sd3K9MFdr2MBzuCj2B5",2387,"iad1",143,2048,"","prj_63uBGkZZhjEmgHzohvBA1ZzjMGG3","","","01K9Q0X8CB80QQRAAM9YXBE5NT","XmghTYYzNbeK",1
"2025-11-10 13:57:23",1762783043977,"bookmate-2ju9at0ce-tool2us-projects.vercel.app/api/balance","GET","",200,"bdk44-1762783043861-adfdca33b33f","Mozilla/5.0 (Macintosh; Intel Mac OS X 10_15_7) AppleWebKit/537.36 (KHTML, like Gecko) Chrome/136.0.0.0 Safari/537.36","info","production","main","","lambda","/api/balance","bookmate-2ju9at0ce-tool2us-projects.vercel.app","bookmate-2ju9at0ce-tool2us-projects.vercel.app","dpl_AEQdXM2o9sd3K9MFdr2MBzuCj2B5",1361,"iad1",193,2048,"","prj_63uBGkZZhjEmgHzohvBA1ZzjMGG3","","","01K9Q0X8CAAGNR0ZH1N6XA9K2Y","TAhxfNZMOfG7",1
"2025-11-10 13:57:23",1762783043975,"bookmate-2ju9at0ce-tool2us-projects.vercel.app/api/pnl/property-person","GET","period=month",200,"lcnhl-1762783043861-286c12ed5c43","Mozilla/5.0 (Macintosh; Intel Mac OS X 10_15_7) AppleWebKit/537.36 (KHTML, like Gecko) Chrome/136.0.0.0 Safari/537.36","info","production","main","","lambda","/api/pnl/property-person","bookmate-2ju9at0ce-tool2us-projects.vercel.app","bookmate-2ju9at0ce-tool2us-projects.vercel.app","dpl_AEQdXM2o9sd3K9MFdr2MBzuCj2B5",2752,"iad1",129,2048,"","prj_63uBGkZZhjEmgHzohvBA1ZzjMGG3","","","01K9Q0X8C7ZSEPVBVD5W6NH1AF","zKVhprh5h205",1
"2025-11-10 13:52:56",1762782776358,"bookmate-2ju9at0ce-tool2us-projects.vercel.app/api/reports/share","POST","",-1,"6pmp6-1762782775677-44c550f852e3","Mozilla/5.0 (Macintosh; Intel Mac OS X 10_15_7) AppleWebKit/537.36 (KHTML, like Gecko) Chrome/136.0.0.0 Safari/537.36","error","production","main","","lambda","/api/reports/share","bookmate-2ju9at0ce-tool2us-projects.vercel.app","bookmate-2ju9at0ce-tool2us-projects.vercel.app","dpl_AEQdXM2o9sd3K9MFdr2MBzuCj2B5",-1,"iad1",-1,-1,"Share POST error: Error [PrismaClientInitializationError]: 
Invalid `prisma.sharedReport.create()` invocation:


Error querying the database: Error code 14: Unable to open the database file
    at async x (.next/server/app/api/reports/share/route.js:1:1541)
    at async k (.next/server/app/api/reports/share/route.js:2:3926)
    at async g (.next/server/app/api/reports/share/route.js:2:4929) {
  clientVersion: '6.19.0',
  errorCode: undefined,
  retryable: undefined
}","prj_63uBGkZZhjEmgHzohvBA1ZzjMGG3","","","01K9Q0N2QEVNC9AD41X3A6NGK7","",-1
"2025-11-10 13:52:55",1762782775827,"bookmate-2ju9at0ce-tool2us-projects.vercel.app/api/reports/share","POST","",500,"6pmp6-1762782775677-44c550f852e3","Mozilla/5.0 (Macintosh; Intel Mac OS X 10_15_7) AppleWebKit/537.36 (KHTML, like Gecko) Chrome/136.0.0.0 Safari/537.36","error","production","main","","lambda","/api/reports/share","bookmate-2ju9at0ce-tool2us-projects.vercel.app","bookmate-2ju9at0ce-tool2us-projects.vercel.app","dpl_AEQdXM2o9sd3K9MFdr2MBzuCj2B5",287,"iad1",126,2048,"","prj_63uBGkZZhjEmgHzohvBA1ZzjMGG3","","","01K9Q0N2QEVNC9AD41X3A6NGK7","XmghTYYzNbeK",1
"2025-11-10 13:52:11",1762782731936,"bookmate-2ju9at0ce-tool2us-projects.vercel.app/api/reports/share","POST","",-1,"hw9lm-1762782731050-144b72a3e285","Mozilla/5.0 (Macintosh; Intel Mac OS X 10_15_7) AppleWebKit/537.36 (KHTML, like Gecko) Chrome/136.0.0.0 Safari/537.36","error","production","main","","lambda","/api/reports/share","bookmate-2ju9at0ce-tool2us-projects.vercel.app","bookmate-2ju9at0ce-tool2us-projects.vercel.app","dpl_AEQdXM2o9sd3K9MFdr2MBzuCj2B5",-1,"iad1",-1,-1,"Share POST error: Error [PrismaClientInitializationError]: 
Invalid `prisma.sharedReport.create()` invocation:


Error querying the database: Error code 14: Unable to open the database file
    at async x (.next/server/app/api/reports/share/route.js:1:1541)
    at async k (.next/server/app/api/reports/share/route.js:2:3926)
    at async g (.next/server/app/api/reports/share/route.js:2:4929) {
  clientVersion: '6.19.0',
  errorCode: undefined,
  retryable: undefined
}","prj_63uBGkZZhjEmgHzohvBA1ZzjMGG3","","","01K9Q0KQD5R33SQ9CP1ESEESKZ","",-1
"2025-11-10 13:52:11",1762782731474,"bookmate-2ju9at0ce-tool2us-projects.vercel.app/api/reports/share","POST","",500,"hw9lm-1762782731050-144b72a3e285","Mozilla/5.0 (Macintosh; Intel Mac OS X 10_15_7) AppleWebKit/537.36 (KHTML, like Gecko) Chrome/136.0.0.0 Safari/537.36","error","production","main","","lambda","/api/reports/share","bookmate-2ju9at0ce-tool2us-projects.vercel.app","bookmate-2ju9at0ce-tool2us-projects.vercel.app","dpl_AEQdXM2o9sd3K9MFdr2MBzuCj2B5",244,"iad1",144,2048,"","prj_63uBGkZZhjEmgHzohvBA1ZzjMGG3","","","01K9Q0KQD5R33SQ9CP1ESEESKZ","yuusoToAbGls",1
"2025-11-10 13:52:09",1762782729931,"bookmate-krv4f6udu-tool2us-projects.vercel.app/login","GET","",200,"94xjc-1762782729656-cd77102dc922","vercel-screenshot/1.0","info","production","main","PRERENDER","static","/login","bookmate-krv4f6udu-tool2us-projects.vercel.app","bookmate-krv4f6udu-tool2us-projects.vercel.app","dpl_HDa3KEe9sjFMo3pwBtA7Guy6Sm3p",-1,"",-1,-1,"","prj_63uBGkZZhjEmgHzohvBA1ZzjMGG3","","","","",-1
"2025-11-10 13:52:09",1762782729894,"bookmate-krv4f6udu-tool2us-projects.vercel.app/login","GET","",200,"7w66c-1762782729690-9867a2bae03c","vercel-screenshot/1.0","info","production","main","PRERENDER","static","/login","bookmate-krv4f6udu-tool2us-projects.vercel.app","bookmate-krv4f6udu-tool2us-projects.vercel.app","dpl_HDa3KEe9sjFMo3pwBtA7Guy6Sm3p",-1,"",-1,-1,"","prj_63uBGkZZhjEmgHzohvBA1ZzjMGG3","","","","",-1
"2025-11-10 13:52:09",1762782729079,"bookmate-krv4f6udu-tool2us-projects.vercel.app/","GET","",200,"pvz4k-1762782728797-cab0fc03b770","vercel-screenshot/1.0","info","production","main","PRERENDER","static","/","bookmate-krv4f6udu-tool2us-projects.vercel.app","bookmate-krv4f6udu-tool2us-projects.vercel.app","dpl_HDa3KEe9sjFMo3pwBtA7Guy6Sm3p",-1,"",-1,-1,"","prj_63uBGkZZhjEmgHzohvBA1ZzjMGG3","","","","",-1
"2025-11-10 13:52:09",1762782729065,"bookmate-krv4f6udu-tool2us-projects.vercel.app/","GET","",200,"kz2rw-1762782728765-fd4f77a0b715","vercel-screenshot/1.0","info","production","main","PRERENDER","static","/","bookmate-krv4f6udu-tool2us-projects.vercel.app","bookmate-krv4f6udu-tool2us-projects.vercel.app","dpl_HDa3KEe9sjFMo3pwBtA7Guy6Sm3p",-1,"",-1,-1,"","prj_63uBGkZZhjEmgHzohvBA1ZzjMGG3","","","","",-1
"2025-11-10 13:52:03",1762782723828,"accounting.siamoon.com/api/inbox","GET","",200,"kdhnm-1762782723732-c65f5d556abc","node","info","production","main","","lambda","/api/inbox","accounting.siamoon.com","accounting.siamoon.com","dpl_AEQdXM2o9sd3K9MFdr2MBzuCj2B5",2253,"iad1",145,2048,"","prj_63uBGkZZhjEmgHzohvBA1ZzjMGG3","","","01K9Q0KFQMZVM2NHS7VY7X1X8Q","LDUtFQkXC2sy",1
"2025-11-10 13:52:03",1762782723819,"accounting.siamoon.com/api/pnl/overhead-expenses","GET","period=month",200,"zv2m9-1762782723731-61e5a994daf1","node","info","production","main","","lambda","/api/pnl/overhead-expenses","accounting.siamoon.com","accounting.siamoon.com","dpl_AEQdXM2o9sd3K9MFdr2MBzuCj2B5",2247,"iad1",140,2048,"","prj_63uBGkZZhjEmgHzohvBA1ZzjMGG3","","","01K9Q0KFQB7E49JSACCK0DDP4R","yuOJTFuDxkNm",1
"2025-11-10 13:52:03",1762782723814,"accounting.siamoon.com/api/pnl/property-person","GET","period=month",200,"9wn9t-1762782723730-b408ddc9ac65","node","info","production","main","","lambda","/api/pnl/property-person","accounting.siamoon.com","accounting.siamoon.com","dpl_AEQdXM2o9sd3K9MFdr2MBzuCj2B5",1911,"iad1",127,2048,"","prj_63uBGkZZhjEmgHzohvBA1ZzjMGG3","","","01K9Q0KFQ600T022D8HNCRDW9Y","W26SLwyGFQCj",1
"2025-11-10 13:52:03",1762782723808,"accounting.siamoon.com/api/balance","GET","",200,"wf542-1762782723734-3af853a73705","node","info","production","main","","lambda","/api/balance","accounting.siamoon.com","accounting.siamoon.com","dpl_AEQdXM2o9sd3K9MFdr2MBzuCj2B5",14,"iad1",289,2048,"","prj_63uBGkZZhjEmgHzohvBA1ZzjMGG3","","","01K9Q0KFQ0X49VE5YG2HVPRSP3","YrOHnbsMzz0K",1
"2025-11-10 13:52:03",1762782723808,"accounting.siamoon.com/api/pnl","GET","",200,"b9r6n-1762782723727-ebd604ae87ae","node","info","production","main","","lambda","/api/pnl","accounting.siamoon.com","accounting.siamoon.com","dpl_AEQdXM2o9sd3K9MFdr2MBzuCj2B5",14,"iad1",144,2048,"","prj_63uBGkZZhjEmgHzohvBA1ZzjMGG3","","","01K9Q0KFQ0JHK7QSM5YEWXR4BE","LDUtFQkXC2sy",1
"2025-11-10 13:52:03",1762782723671,"bookmate-2ju9at0ce-tool2us-projects.vercel.app/api/reports/generate","POST","",200,"tsc5x-1762782723187-86b3554c7056","Mozilla/5.0 (Macintosh; Intel Mac OS X 10_15_7) AppleWebKit/537.36 (KHTML, like Gecko) Chrome/136.0.0.0 Safari/537.36","info","production","main","","lambda","/api/reports/generate","bookmate-2ju9at0ce-tool2us-projects.vercel.app","bookmate-2ju9at0ce-tool2us-projects.vercel.app","dpl_AEQdXM2o9sd3K9MFdr2MBzuCj2B5",2493,"iad1",127,2048,"","prj_63uBGkZZhjEmgHzohvBA1ZzjMGG3","","","01K9Q0KFJR3T1EY6BKK5P8VKJR","yuusoToAbGls",1
"2025-11-10 13:52:02",1762782722808,"bookmate-2ju9at0ce-tool2us-projects.vercel.app/api/reports/templates","GET","workspace=default",-1,"nncbj-1762782722125-d409b0cabdde","Mozilla/5.0 (Macintosh; Intel Mac OS X 10_15_7) AppleWebKit/537.36 (KHTML, like Gecko) Chrome/136.0.0.0 Safari/537.36","error","production","main","","lambda","/api/reports/templates","bookmate-2ju9at0ce-tool2us-projects.vercel.app","bookmate-2ju9at0ce-tool2us-projects.vercel.app","dpl_AEQdXM2o9sd3K9MFdr2MBzuCj2B5",-1,"iad1",-1,-1,"Templates GET error: Error [PrismaClientInitializationError]: 
Invalid `prisma.reportTemplate.findMany()` invocation:


Error querying the database: Error code 14: Unable to open the database file
    at async w (.next/server/app/api/reports/templates/route.js:1:1492)
    at async k (.next/server/app/api/reports/templates/route.js:1:6301)
    at async g (.next/server/app/api/reports/templates/route.js:1:7304) {
  clientVersion: '6.19.0',
  errorCode: undefined,
  retryable: undefined
}","prj_63uBGkZZhjEmgHzohvBA1ZzjMGG3","","","01K9Q0KB297P4GFZWEY4KTENY4","",-1
"2025-11-10 13:52:02",1762782722558,"bookmate-2ju9at0ce-tool2us-projects.vercel.app/api/reports/templates","GET","workspace=default",500,"nncbj-1762782722125-d409b0cabdde","Mozilla/5.0 (Macintosh; Intel Mac OS X 10_15_7) AppleWebKit/537.36 (KHTML, like Gecko) Chrome/136.0.0.0 Safari/537.36","error","production","main","","lambda","/api/reports/templates","bookmate-2ju9at0ce-tool2us-projects.vercel.app","bookmate-2ju9at0ce-tool2us-projects.vercel.app","dpl_AEQdXM2o9sd3K9MFdr2MBzuCj2B5",258,"iad1",99,2048,"","prj_63uBGkZZhjEmgHzohvBA1ZzjMGG3","","","01K9Q0KB297P4GFZWEY4KTENY4","LDUtFQkXC2sy",2
"2025-11-10 13:51:59",1762782719854,"bookmate-2ju9at0ce-tool2us-projects.vercel.app/activity","GET","",200,"6k9mg-1762782718667-0aefc673a5a6","Mozilla/5.0 (Macintosh; Intel Mac OS X 10_15_7) AppleWebKit/537.36 (KHTML, like Gecko) Chrome/136.0.0.0 Safari/537.36","info","production","main","PRERENDER","static","/activity","bookmate-2ju9at0ce-tool2us-projects.vercel.app","bookmate-2ju9at0ce-tool2us-projects.vercel.app","dpl_AEQdXM2o9sd3K9MFdr2MBzuCj2B5",-1,"",-1,-1,"","prj_63uBGkZZhjEmgHzohvBA1ZzjMGG3","","","","",-1
"2025-11-10 13:51:59",1762782719794,"bookmate-2ju9at0ce-tool2us-projects.vercel.app/admin","GET","",200,"vrnrz-1762782719249-18867bcf6cd7","Mozilla/5.0 (Macintosh; Intel Mac OS X 10_15_7) AppleWebKit/537.36 (KHTML, like Gecko) Chrome/136.0.0.0 Safari/537.36","info","production","main","PRERENDER","static","/admin","bookmate-2ju9at0ce-tool2us-projects.vercel.app","bookmate-2ju9at0ce-tool2us-projects.vercel.app","dpl_AEQdXM2o9sd3K9MFdr2MBzuCj2B5",-1,"",-1,-1,"","prj_63uBGkZZhjEmgHzohvBA1ZzjMGG3","","","","",-1
"2025-11-10 13:51:59",1762782719212,"bookmate-2ju9at0ce-tool2us-projects.vercel.app/pnl","GET","",200,"qrq7m-1762782718666-4753515db83d","Mozilla/5.0 (Macintosh; Intel Mac OS X 10_15_7) AppleWebKit/537.36 (KHTML, like Gecko) Chrome/136.0.0.0 Safari/537.36","info","production","main","PRERENDER","static","/pnl","bookmate-2ju9at0ce-tool2us-projects.vercel.app","bookmate-2ju9at0ce-tool2us-projects.vercel.app","dpl_AEQdXM2o9sd3K9MFdr2MBzuCj2B5",-1,"",-1,-1,"","prj_63uBGkZZhjEmgHzohvBA1ZzjMGG3","","","","",-1
"2025-11-10 13:51:59",1762782719205,"bookmate-2ju9at0ce-tool2us-projects.vercel.app/balance","GET","",200,"wldhf-1762782718666-f530f8896346","Mozilla/5.0 (Macintosh; Intel Mac OS X 10_15_7) AppleWebKit/537.36 (KHTML, like Gecko) Chrome/136.0.0.0 Safari/537.36","info","production","main","PRERENDER","static","/balance","bookmate-2ju9at0ce-tool2us-projects.vercel.app","bookmate-2ju9at0ce-tool2us-projects.vercel.app","dpl_AEQdXM2o9sd3K9MFdr2MBzuCj2B5",-1,"",-1,-1,"","prj_63uBGkZZhjEmgHzohvBA1ZzjMGG3","","","","",-1
"2025-11-10 13:51:59",1762782719202,"bookmate-2ju9at0ce-tool2us-projects.vercel.app/reports","GET","",200,"7866q-1762782718667-f062dc18c940","Mozilla/5.0 (Macintosh; Intel Mac OS X 10_15_7) AppleWebKit/537.36 (KHTML, like Gecko) Chrome/136.0.0.0 Safari/537.36","info","production","main","PRERENDER","static","/reports","bookmate-2ju9at0ce-tool2us-projects.vercel.app","bookmate-2ju9at0ce-tool2us-projects.vercel.app","dpl_AEQdXM2o9sd3K9MFdr2MBzuCj2B5",-1,"",-1,-1,"","prj_63uBGkZZhjEmgHzohvBA1ZzjMGG3","","","","",-1
"2025-11-10 13:51:59",1762782719192,"bookmate-2ju9at0ce-tool2us-projects.vercel.app/settings","GET","",200,"vrnrz-1762782718667-f97d480f34d0","Mozilla/5.0 (Macintosh; Intel Mac OS X 10_15_7) AppleWebKit/537.36 (KHTML, like Gecko) Chrome/136.0.0.0 Safari/537.36","info","production","main","PRERENDER","static","/settings","bookmate-2ju9at0ce-tool2us-projects.vercel.app","bookmate-2ju9at0ce-tool2us-projects.vercel.app","dpl_AEQdXM2o9sd3K9MFdr2MBzuCj2B5",-1,"",-1,-1,"","prj_63uBGkZZhjEmgHzohvBA1ZzjMGG3","","","","",-1
"2025-11-10 13:51:59",1762782719068,"bookmate-2ju9at0ce-tool2us-projects.vercel.app/api/inbox","GET","",200,"cbxfh-1762782718657-b7d5113a2ec9","Mozilla/5.0 (Macintosh; Intel Mac OS X 10_15_7) AppleWebKit/537.36 (KHTML, like Gecko) Chrome/136.0.0.0 Safari/537.36","info","production","main","","lambda","/api/inbox","bookmate-2ju9at0ce-tool2us-projects.vercel.app","bookmate-2ju9at0ce-tool2us-projects.vercel.app","dpl_AEQdXM2o9sd3K9MFdr2MBzuCj2B5",4238,"iad1",127,2048,"","prj_63uBGkZZhjEmgHzohvBA1ZzjMGG3","","","01K9Q0KB2WQ93YJ2JGQD1CSQNP","yuusoToAbGls",1
"2025-11-10 13:51:59",1762782719065,"bookmate-2ju9at0ce-tool2us-projects.vercel.app/api/pnl/overhead-expenses","GET","period=month",200,"dq4mr-1762782718657-5c32c3217aae","Mozilla/5.0 (Macintosh; Intel Mac OS X 10_15_7) AppleWebKit/537.36 (KHTML, like Gecko) Chrome/136.0.0.0 Safari/537.36","info","production","main","","lambda","/api/pnl/overhead-expenses","bookmate-2ju9at0ce-tool2us-projects.vercel.app","bookmate-2ju9at0ce-tool2us-projects.vercel.app","dpl_AEQdXM2o9sd3K9MFdr2MBzuCj2B5",3606,"iad1",127,2048,"","prj_63uBGkZZhjEmgHzohvBA1ZzjMGG3","","","01K9Q0KB2SK84G584A69CES7DG","W26SLwyGFQCj",1
"2025-11-10 13:51:59",1762782719057,"bookmate-2ju9at0ce-tool2us-projects.vercel.app/api/balance","GET","",200,"m6jzt-1762782718657-c596aee5653b","Mozilla/5.0 (Macintosh; Intel Mac OS X 10_15_7) AppleWebKit/537.36 (KHTML, like Gecko) Chrome/136.0.0.0 Safari/537.36","info","production","main","","lambda","/api/balance","bookmate-2ju9at0ce-tool2us-projects.vercel.app","bookmate-2ju9at0ce-tool2us-projects.vercel.app","dpl_AEQdXM2o9sd3K9MFdr2MBzuCj2B5",2651,"iad1",289,2048,"","prj_63uBGkZZhjEmgHzohvBA1ZzjMGG3","","","01K9Q0KB2HN83S641GXVZ7G95R","YrOHnbsMzz0K",1
"2025-11-10 13:51:59",1762782719049,"bookmate-2ju9at0ce-tool2us-projects.vercel.app/api/pnl","GET","",200,"8djjn-1762782718657-a271c907060b","Mozilla/5.0 (Macintosh; Intel Mac OS X 10_15_7) AppleWebKit/537.36 (KHTML, like Gecko) Chrome/136.0.0.0 Safari/537.36","info","production","main","","lambda","/api/pnl","bookmate-2ju9at0ce-tool2us-projects.vercel.app","bookmate-2ju9at0ce-tool2us-projects.vercel.app","dpl_AEQdXM2o9sd3K9MFdr2MBzuCj2B5",3242,"iad1",142,2048,"","prj_63uBGkZZhjEmgHzohvBA1ZzjMGG3","","","01K9Q0KB297P4GFZWEY4KTENY4","LDUtFQkXC2sy",2
"2025-11-10 13:51:59",1762782719031,"bookmate-2ju9at0ce-tool2us-projects.vercel.app/api/pnl/property-person","GET","period=month",200,"9t4k5-1762782718657-65b613457d97","Mozilla/5.0 (Macintosh; Intel Mac OS X 10_15_7) AppleWebKit/537.36 (KHTML, like Gecko) Chrome/136.0.0.0 Safari/537.36","info","production","main","","lambda","/api/pnl/property-person","bookmate-2ju9at0ce-tool2us-projects.vercel.app","bookmate-2ju9at0ce-tool2us-projects.vercel.app","dpl_AEQdXM2o9sd3K9MFdr2MBzuCj2B5",2805,"iad1",140,2048,"","prj_63uBGkZZhjEmgHzohvBA1ZzjMGG3","","","01K9Q0KB1RQGBXBR809HF6Q8J8","yuOJTFuDxkNm",1
"2025-11-10 13:51:58",1762782718243,"bookmate-2ju9at0ce-tool2us-projects.vercel.app/dashboard","GET","",200,"c5r67-1762782717066-a2ceacd0a72f","Mozilla/5.0 (Macintosh; Intel Mac OS X 10_15_7) AppleWebKit/537.36 (KHTML, like Gecko) Chrome/136.0.0.0 Safari/537.36","info","production","main","PRERENDER","static","/dashboard","bookmate-2ju9at0ce-tool2us-projects.vercel.app","bookmate-2ju9at0ce-tool2us-projects.vercel.app","dpl_AEQdXM2o9sd3K9MFdr2MBzuCj2B5",-1,"",-1,-1,"","prj_63uBGkZZhjEmgHzohvBA1ZzjMGG3","","","","",-1
"2025-11-10 13:38:51",1762781931404,"bookmate-2ju9at0ce-tool2us-projects.vercel.app/login","GET","",200,"vbs4r-1762781931314-83752682bd62","vercel-screenshot/1.0","info","production","main","PRERENDER","static","/login","bookmate-2ju9at0ce-tool2us-projects.vercel.app","bookmate-2ju9at0ce-tool2us-projects.vercel.app","dpl_AEQdXM2o9sd3K9MFdr2MBzuCj2B5",-1,"",-1,-1,"","prj_63uBGkZZhjEmgHzohvBA1ZzjMGG3","","","","",-1
"2025-11-10 13:38:51",1762781931380,"bookmate-2ju9at0ce-tool2us-projects.vercel.app/login","GET","",200,"8787h-1762781931201-5e3789e10d78","vercel-screenshot/1.0","info","production","main","PRERENDER","static","/login","bookmate-2ju9at0ce-tool2us-projects.vercel.app","bookmate-2ju9at0ce-tool2us-projects.vercel.app","dpl_AEQdXM2o9sd3K9MFdr2MBzuCj2B5",-1,"",-1,-1,"","prj_63uBGkZZhjEmgHzohvBA1ZzjMGG3","","","","",-1
"2025-11-10 13:38:50",1762781930581,"bookmate-2ju9at0ce-tool2us-projects.vercel.app/","GET","",200,"whpw5-1762781930353-e55e10469830","vercel-screenshot/1.0","info","production","main","PRERENDER","static","/","bookmate-2ju9at0ce-tool2us-projects.vercel.app","bookmate-2ju9at0ce-tool2us-projects.vercel.app","dpl_AEQdXM2o9sd3K9MFdr2MBzuCj2B5",-1,"",-1,-1,"","prj_63uBGkZZhjEmgHzohvBA1ZzjMGG3","","","","",-1
"2025-11-10 13:38:50",1762781930572,"bookmate-2ju9at0ce-tool2us-projects.vercel.app/","GET","",200,"thbbp-1762781930273-a4e76b4d5328","vercel-screenshot/1.0","info","production","main","PRERENDER","static","/","bookmate-2ju9at0ce-tool2us-projects.vercel.app","bookmate-2ju9at0ce-tool2us-projects.vercel.app","dpl_AEQdXM2o9sd3K9MFdr2MBzuCj2B5",-1,"",-1,-1,"","prj_63uBGkZZhjEmgHzohvBA1ZzjMGG3","","","","",-1
"2025-11-10 13:37:43",1762781863405,"accounting.siamoon.com/api/options","GET","",200,"glfvq-1762781863392-783775d8d681","Expo/1017756 CFNetwork/3826.600.41 Darwin/24.6.0","info","production","main","HIT","static","/api/options","accounting.siamoon.com","accounting.siamoon.com","dpl_7ihL7tvgg1YxAMgUpdBpxJ1BEXcg",-1,"iad1",-1,-1,"","prj_63uBGkZZhjEmgHzohvBA1ZzjMGG3","","","","",-1
"2025-11-10 13:37:39",1762781859626,"accounting.siamoon.com/api/options","GET","",200,"4qqlb-1762781859605-375c7ac2f798","Expo/1017756 CFNetwork/3826.600.41 Darwin/24.6.0","info","production","main","HIT","static","/api/options","accounting.siamoon.com","accounting.siamoon.com","dpl_7ihL7tvgg1YxAMgUpdBpxJ1BEXcg",-1,"iad1",-1,-1,"","prj_63uBGkZZhjEmgHzohvBA1ZzjMGG3","","","","",-1
"2025-11-10 13:37:38",1762781858528,"accounting.siamoon.com/api/options","GET","",200,"cffn2-1762781858522-8e33fbe80d54","Expo/1017756 CFNetwork/3826.600.41 Darwin/24.6.0","info","production","main","HIT","static","/api/options","accounting.siamoon.com","accounting.siamoon.com","dpl_7ihL7tvgg1YxAMgUpdBpxJ1BEXcg",-1,"iad1",-1,-1,"","prj_63uBGkZZhjEmgHzohvBA1ZzjMGG3","","","","",-1
"2025-11-10 13:37:33",1762781853994,"accounting.siamoon.com/api/options","GET","",200,"9t4k5-1762781853985-b35210bd6ab3","Expo/1017756 CFNetwork/3826.600.41 Darwin/24.6.0","info","production","main","HIT","static","/api/options","accounting.siamoon.com","accounting.siamoon.com","dpl_7ihL7tvgg1YxAMgUpdBpxJ1BEXcg",-1,"iad1",-1,-1,"","prj_63uBGkZZhjEmgHzohvBA1ZzjMGG3","","","","",-1
"2025-11-10 13:37:13",1762781833395,"accounting.siamoon.com/api/options","GET","",200,"wsn5j-1762781833388-42919c3a5f14","Expo/1017756 CFNetwork/3826.600.41 Darwin/24.6.0","info","production","main","HIT","static","/api/options","accounting.siamoon.com","accounting.siamoon.com","dpl_7ihL7tvgg1YxAMgUpdBpxJ1BEXcg",-1,"iad1",-1,-1,"","prj_63uBGkZZhjEmgHzohvBA1ZzjMGG3","","","","",-1
"2025-11-10 13:37:09",1762781829621,"accounting.siamoon.com/api/options","GET","",200,"jc7w9-1762781829596-b62bf526e452","Expo/1017756 CFNetwork/3826.600.41 Darwin/24.6.0","info","production","main","HIT","static","/api/options","accounting.siamoon.com","accounting.siamoon.com","dpl_7ihL7tvgg1YxAMgUpdBpxJ1BEXcg",-1,"iad1",-1,-1,"","prj_63uBGkZZhjEmgHzohvBA1ZzjMGG3","","","","",-1
"2025-11-10 13:37:08",1762781828535,"accounting.siamoon.com/api/options","GET","",200,"bq2cb-1762781828523-4aab32d44884","Expo/1017756 CFNetwork/3826.600.41 Darwin/24.6.0","info","production","main","HIT","static","/api/options","accounting.siamoon.com","accounting.siamoon.com","dpl_7ihL7tvgg1YxAMgUpdBpxJ1BEXcg",-1,"iad1",-1,-1,"","prj_63uBGkZZhjEmgHzohvBA1ZzjMGG3","","","","",-1
"2025-11-10 13:37:03",1762781823985,"accounting.siamoon.com/api/options","GET","",200,"2cb7g-1762781823978-781f6e293e4b","Expo/1017756 CFNetwork/3826.600.41 Darwin/24.6.0","info","production","main","HIT","static","/api/options","accounting.siamoon.com","accounting.siamoon.com","dpl_7ihL7tvgg1YxAMgUpdBpxJ1BEXcg",-1,"iad1",-1,-1,"","prj_63uBGkZZhjEmgHzohvBA1ZzjMGG3","","","","",-1
"2025-11-10 13:36:43",1762781803389,"accounting.siamoon.com/api/options","GET","",200,"h8b8p-1762781803385-b97ac0c549ac","Expo/1017756 CFNetwork/3826.600.41 Darwin/24.6.0","info","production","main","HIT","static","/api/options","accounting.siamoon.com","accounting.siamoon.com","dpl_7ihL7tvgg1YxAMgUpdBpxJ1BEXcg",-1,"iad1",-1,-1,"","prj_63uBGkZZhjEmgHzohvBA1ZzjMGG3","","","","",-1
"2025-11-10 13:36:39",1762781799607,"accounting.siamoon.com/api/options","GET","",200,"ghxp9-1762781799599-1b17e9ca2c02","Expo/1017756 CFNetwork/3826.600.41 Darwin/24.6.0","info","production","main","HIT","static","/api/options","accounting.siamoon.com","accounting.siamoon.com","dpl_7ihL7tvgg1YxAMgUpdBpxJ1BEXcg",-1,"iad1",-1,-1,"","prj_63uBGkZZhjEmgHzohvBA1ZzjMGG3","","","","",-1
"2025-11-10 13:36:38",1762781798532,"accounting.siamoon.com/api/options","GET","",200,"2cb7g-1762781798523-ce9718dc967d","Expo/1017756 CFNetwork/3826.600.41 Darwin/24.6.0","info","production","main","HIT","static","/api/options","accounting.siamoon.com","accounting.siamoon.com","dpl_7ihL7tvgg1YxAMgUpdBpxJ1BEXcg",-1,"iad1",-1,-1,"","prj_63uBGkZZhjEmgHzohvBA1ZzjMGG3","","","","",-1
"2025-11-10 13:36:33",1762781793980,"accounting.siamoon.com/api/options","GET","",200,"tvmwx-1762781793970-47e72cf40a37","Expo/1017756 CFNetwork/3826.600.41 Darwin/24.6.0","info","production","main","HIT","static","/api/options","accounting.siamoon.com","accounting.siamoon.com","dpl_7ihL7tvgg1YxAMgUpdBpxJ1BEXcg",-1,"iad1",-1,-1,"","prj_63uBGkZZhjEmgHzohvBA1ZzjMGG3","","","","",-1
"2025-11-10 13:36:26",1762781786212,"bookmate-2lgcvzawt-tool2us-projects.vercel.app/api/reports/generate","POST","",500,"hv88n-1762781786099-e19e29109372","Mozilla/5.0 (Macintosh; Intel Mac OS X 10_15_7) AppleWebKit/537.36 (KHTML, like Gecko) Chrome/136.0.0.0 Safari/537.36","error","production","main","","lambda","/api/reports/generate","bookmate-2lgcvzawt-tool2us-projects.vercel.app","bookmate-2lgcvzawt-tool2us-projects.vercel.app","dpl_7ihL7tvgg1YxAMgUpdBpxJ1BEXcg",100,"iad1",82,2048,"","prj_63uBGkZZhjEmgHzohvBA1ZzjMGG3","","","01K9PZPS77M4YQWWV0K2HXXRTS","MsBBz7Qo0g6g",2
"2025-11-10 13:36:24",1762781784965,"bookmate-2lgcvzawt-tool2us-projects.vercel.app/api/reports/templates","GET","workspace=default",-1,"8tgm2-1762781784840-baadf588ca93","Mozilla/5.0 (Macintosh; Intel Mac OS X 10_15_7) AppleWebKit/537.36 (KHTML, like Gecko) Chrome/136.0.0.0 Safari/537.36","error","production","main","","lambda","/api/reports/templates","bookmate-2lgcvzawt-tool2us-projects.vercel.app","bookmate-2lgcvzawt-tool2us-projects.vercel.app","dpl_7ihL7tvgg1YxAMgUpdBpxJ1BEXcg",-1,"iad1",-1,-1,"Templates GET error: Error [PrismaClientInitializationError]: 
Invalid `prisma.reportTemplate.findMany()` invocation:


Error querying the database: Error code 14: Unable to open the database file
    at async w (.next/server/app/api/reports/templates/route.js:1:1492)
    at async k (.next/server/app/api/reports/templates/route.js:1:6301)
    at async g (.next/server/app/api/reports/templates/route.js:1:7304) {
  clientVersion: '6.19.0',
  errorCode: undefined,
  retryable: undefined
}","prj_63uBGkZZhjEmgHzohvBA1ZzjMGG3","","","01K9PZPS6KM8AP4S1SPF2SFN02","",-1
"2025-11-10 13:36:24",1762781784955,"bookmate-2lgcvzawt-tool2us-projects.vercel.app/api/reports/templates","GET","workspace=default",500,"8tgm2-1762781784840-baadf588ca93","Mozilla/5.0 (Macintosh; Intel Mac OS X 10_15_7) AppleWebKit/537.36 (KHTML, like Gecko) Chrome/136.0.0.0 Safari/537.36","error","production","main","","lambda","/api/reports/templates","bookmate-2lgcvzawt-tool2us-projects.vercel.app","bookmate-2lgcvzawt-tool2us-projects.vercel.app","dpl_7ihL7tvgg1YxAMgUpdBpxJ1BEXcg",11,"iad1",160,2048,"","prj_63uBGkZZhjEmgHzohvBA1ZzjMGG3","","","01K9PZPS6KM8AP4S1SPF2SFN02","yzguKmxIow78",2
"2025-11-10 13:36:23",1762781783271,"bookmate-2lgcvzawt-tool2us-projects.vercel.app/api/pnl","GET","",200,"wtwht-1762781783134-2ce5ea32d1df","Mozilla/5.0 (Macintosh; Intel Mac OS X 10_15_7) AppleWebKit/537.36 (KHTML, like Gecko) Chrome/136.0.0.0 Safari/537.36","info","production","main","","lambda","/api/pnl","bookmate-2lgcvzawt-tool2us-projects.vercel.app","bookmate-2lgcvzawt-tool2us-projects.vercel.app","dpl_7ihL7tvgg1YxAMgUpdBpxJ1BEXcg",3500,"iad1",130,2048,"","prj_63uBGkZZhjEmgHzohvBA1ZzjMGG3","","","01K9PZPS77M4YQWWV0K2HXXRTS","MsBBz7Qo0g6g",2
"2025-11-10 13:36:23",1762781783269,"bookmate-2lgcvzawt-tool2us-projects.vercel.app/api/pnl/overhead-expenses","GET","period=month",200,"5d2nn-1762781783135-7942382b06b0","Mozilla/5.0 (Macintosh; Intel Mac OS X 10_15_7) AppleWebKit/537.36 (KHTML, like Gecko) Chrome/136.0.0.0 Safari/537.36","info","production","main","","lambda","/api/pnl/overhead-expenses","bookmate-2lgcvzawt-tool2us-projects.vercel.app","bookmate-2lgcvzawt-tool2us-projects.vercel.app","dpl_7ihL7tvgg1YxAMgUpdBpxJ1BEXcg",3475,"iad1",129,2048,"","prj_63uBGkZZhjEmgHzohvBA1ZzjMGG3","","","01K9PZPS75Y8HDG36VB4A54RNX","NvN76yX3mJ0U",1
"2025-11-10 13:36:23",1762781783265,"bookmate-2lgcvzawt-tool2us-projects.vercel.app/api/balance","GET","",200,"swlgr-1762781783135-ea7b110b9fdf","Mozilla/5.0 (Macintosh; Intel Mac OS X 10_15_7) AppleWebKit/537.36 (KHTML, like Gecko) Chrome/136.0.0.0 Safari/537.36","info","production","main","","lambda","/api/balance","bookmate-2lgcvzawt-tool2us-projects.vercel.app","bookmate-2lgcvzawt-tool2us-projects.vercel.app","dpl_7ihL7tvgg1YxAMgUpdBpxJ1BEXcg",494,"iad1",200,2048,"","prj_63uBGkZZhjEmgHzohvBA1ZzjMGG3","","","01K9PZPS71AQJGEN356AJ82EWA","1iNqflB8HtpQ",1
"2025-11-10 13:36:23",1762781783252,"bookmate-2lgcvzawt-tool2us-projects.vercel.app/api/inbox","GET","",200,"lmxb8-1762781783135-081666812fca","Mozilla/5.0 (Macintosh; Intel Mac OS X 10_15_7) AppleWebKit/537.36 (KHTML, like Gecko) Chrome/136.0.0.0 Safari/537.36","info","production","main","","lambda","/api/inbox","bookmate-2lgcvzawt-tool2us-projects.vercel.app","bookmate-2lgcvzawt-tool2us-projects.vercel.app","dpl_7ihL7tvgg1YxAMgUpdBpxJ1BEXcg",1811,"iad1",128,2048,"","prj_63uBGkZZhjEmgHzohvBA1ZzjMGG3","","","01K9PZPS6MCFWWRPS8HS956VD2","xWUqmbysiB2U",1
"2025-11-10 13:36:23",1762781783251,"bookmate-2lgcvzawt-tool2us-projects.vercel.app/api/pnl/property-person","GET","period=month",200,"24ng6-1762781783135-37ed29fb38ee","Mozilla/5.0 (Macintosh; Intel Mac OS X 10_15_7) AppleWebKit/537.36 (KHTML, like Gecko) Chrome/136.0.0.0 Safari/537.36","info","production","main","","lambda","/api/pnl/property-person","bookmate-2lgcvzawt-tool2us-projects.vercel.app","bookmate-2lgcvzawt-tool2us-projects.vercel.app","dpl_7ihL7tvgg1YxAMgUpdBpxJ1BEXcg",2087,"iad1",241,2048,"","prj_63uBGkZZhjEmgHzohvBA1ZzjMGG3","","","01K9PZPS6KM8AP4S1SPF2SFN02","yzguKmxIow78",2
"2025-11-10 13:36:15",1762781775969,"bookmate-2lgcvzawt-tool2us-projects.vercel.app/api/reports/templates","GET","workspace=default",-1,"l8f8p-1762781775562-f62ee168aa8e","Mozilla/5.0 (Macintosh; Intel Mac OS X 10_15_7) AppleWebKit/537.36 (KHTML, like Gecko) Chrome/136.0.0.0 Safari/537.36","error","production","main","","lambda","/api/reports/templates","bookmate-2lgcvzawt-tool2us-projects.vercel.app","bookmate-2lgcvzawt-tool2us-projects.vercel.app","dpl_7ihL7tvgg1YxAMgUpdBpxJ1BEXcg",-1,"iad1",-1,-1,"Templates GET error: Error [PrismaClientInitializationError]: 
Invalid `prisma.reportTemplate.findMany()` invocation:


Error querying the database: Error code 14: Unable to open the database file
    at async w (.next/server/app/api/reports/templates/route.js:1:1492)
    at async k (.next/server/app/api/reports/templates/route.js:1:6301)
    at async g (.next/server/app/api/reports/templates/route.js:1:7304) {
  clientVersion: '6.19.0',
  errorCode: undefined,
  retryable: undefined
}","prj_63uBGkZZhjEmgHzohvBA1ZzjMGG3","","","01K9PZPHT795V1NVJMD77F2Y7R","",-1
"2025-11-10 13:36:15",1762781775686,"bookmate-2lgcvzawt-tool2us-projects.vercel.app/api/reports/templates","GET","workspace=default",500,"l8f8p-1762781775562-f62ee168aa8e","Mozilla/5.0 (Macintosh; Intel Mac OS X 10_15_7) AppleWebKit/537.36 (KHTML, like Gecko) Chrome/136.0.0.0 Safari/537.36","error","production","main","","lambda","/api/reports/templates","bookmate-2lgcvzawt-tool2us-projects.vercel.app","bookmate-2lgcvzawt-tool2us-projects.vercel.app","dpl_7ihL7tvgg1YxAMgUpdBpxJ1BEXcg",462,"iad1",241,2048,"","prj_63uBGkZZhjEmgHzohvBA1ZzjMGG3","","","01K9PZPHT795V1NVJMD77F2Y7R","yzguKmxIow78",1
"2025-11-10 13:36:13",1762781773954,"bookmate-2lgcvzawt-tool2us-projects.vercel.app/reports","GET","",200,"j8bcr-1762781773424-1227ee3e4db9","Mozilla/5.0 (Macintosh; Intel Mac OS X 10_15_7) AppleWebKit/537.36 (KHTML, like Gecko) Chrome/136.0.0.0 Safari/537.36","info","production","main","PRERENDER","static","/reports","bookmate-2lgcvzawt-tool2us-projects.vercel.app","bookmate-2lgcvzawt-tool2us-projects.vercel.app","dpl_7ihL7tvgg1YxAMgUpdBpxJ1BEXcg",-1,"",-1,-1,"","prj_63uBGkZZhjEmgHzohvBA1ZzjMGG3","","","","",-1
"2025-11-10 13:36:13",1762781773390,"accounting.siamoon.com/api/options","GET","",200,"k6sp2-1762781773386-13dfee71c966","Expo/1017756 CFNetwork/3826.600.41 Darwin/24.6.0","info","production","main","HIT","static","/api/options","accounting.siamoon.com","accounting.siamoon.com","dpl_7ihL7tvgg1YxAMgUpdBpxJ1BEXcg",-1,"iad1",-1,-1,"","prj_63uBGkZZhjEmgHzohvBA1ZzjMGG3","","","","",-1
"2025-11-10 13:36:09",1762781769601,"accounting.siamoon.com/api/options","GET","",200,"ch2gs-1762781769597-7abf39634542","Expo/1017756 CFNetwork/3826.600.41 Darwin/24.6.0","info","production","main","HIT","static","/api/options","accounting.siamoon.com","accounting.siamoon.com","dpl_7ihL7tvgg1YxAMgUpdBpxJ1BEXcg",-1,"iad1",-1,-1,"","prj_63uBGkZZhjEmgHzohvBA1ZzjMGG3","","","","",-1
"2025-11-10 13:36:08",1762781768531,"accounting.siamoon.com/api/options","GET","",200,"wfq2c-1762781768522-c29bf97a00c4","Expo/1017756 CFNetwork/3826.600.41 Darwin/24.6.0","info","production","main","HIT","static","/api/options","accounting.siamoon.com","accounting.siamoon.com","dpl_7ihL7tvgg1YxAMgUpdBpxJ1BEXcg",-1,"iad1",-1,-1,"","prj_63uBGkZZhjEmgHzohvBA1ZzjMGG3","","","","",-1
"2025-11-10 13:36:03",1762781763989,"accounting.siamoon.com/api/options","GET","",200,"h8b8p-1762781763966-7756a568c28a","Expo/1017756 CFNetwork/3826.600.41 Darwin/24.6.0","info","production","main","HIT","static","/api/options","accounting.siamoon.com","accounting.siamoon.com","dpl_7ihL7tvgg1YxAMgUpdBpxJ1BEXcg",-1,"iad1",-1,-1,"","prj_63uBGkZZhjEmgHzohvBA1ZzjMGG3","","","","",-1
